ISO,Country_EN,Zone,Year,Score,Rank,Political Context,Rank_Pol,Economic Context,Rank_Eco,Legal Context,Rank_Leg,Social Context,Rank_Soc,Safety,Rank_Saf,Rank N-1,Rank evolution,Score evolution
AFG,Afghanistan,Asie-Pacifique,2022,38.27,156,44.65,132,43.88,82,42.54,152,43.33,161,16.96,171,122,-34,
AFG,Afghanistan,Asie-Pacifique,2023,39.75,152,48.96,120,44.93,103,42.77,145,30.68,165,31.41,161,156,4,1.48
AFG,Afghanistan,Asie-Pacifique,2024,19.09,178,20.07,164,29.06,164,16.35,179,16.07,179,13.9,179,152,-26,-20.66
AFG,Afghanistan,Asie-Pacifique,2025,17.88,175,17.78,163,25.1,165,11.43,178,18.92,175,16.16,175,178,3,-1.21
AGO,Angola,Afrique,2022,57.17,99,52.83,100,35.03,127,61.11,106,73,75,63.87,97,103,4,
AGO,Angola,Afrique,2023,48.3,125,43.57,137,31.79,163,51.21,125,54.71,126,60.2,104,99,-26,-8.87
AGO,Angola,Afrique,2024,52.44,104,40.82,115,36.81,128,55.98,109,58.33,102,70.25,100,125,21,4.14
AGO,Angola,Afrique,2025,52.67,100,38.68,118,30.25,155,56.94,101,63.82,76,73.66,98,104,4,0.23
ALB,Albania,Europe - Asie centrale,2022,56.41,103,50.55,113,29.39,154,68.77,75,66.6,98,66.75,90,83,-20,
ALB,Albania,UE Balkans,2023,57.86,96,47.76,124,35.13,148,67.61,68,68.37,77,70.45,93,103,7,1.45
ALB,Albania,UE Balkans,2024,54.1,99,42.27,110,34.64,142,67.47,69,66.96,71,59.16,112,96,-3,-3.76
ALB,Albania,UE Balkans,2025,58.18,80,38.62,119,31.69,147,69.51,53,65.85,68,85.21,70,99,19,4.08
AND,Andorra,Europe - Asie centrale,2022,68.79,53,68.12,50,50.41,54,69.12,71,68.8,91,87.48,22,39,-14,
AND,Andorra,UE Balkans,2023,75.05,37,74.69,31,55.39,49,77.12,42,75.28,62,92.78,10,53,16,6.26
AND,Andorra,UE Balkans,2024,61.44,72,55.07,63,36.46,130,65.38,74,57.14,105,93.15,13,37,-35,-13.61
AND,Andorra,UE Balkans,2025,63.3,65,56.13,57,39.1,105,67.39,68,61.48,84,92.41,21,72,7,1.86
ARE,United Arab Emirates,Maghreb - Moyen-Orient,2022,44.46,138,45.45,126,36.73,118,32.02,165,50.5,144,57.59,111,131,-7,
ARE,United Arab Emirates,MENA,2023,42.99,145,45.63,130,45.1,100,36.79,153,30.68,165,56.77,110,138,-7,-1.47
ARE,United Arab Emirates,MENA,2024,30.62,160,21.16,160,42.5,98,26.54,169,29.52,166,33.39,157,145,-15,-12.37
ARE,United Arab Emirates,MENA,2025,26.91,164,17.23,166,35.05,126,21.2,168,21.76,171,39.3,144,160,-4,-3.71
ARG,Argentina,AmÃ©riques,2022,77.28,29,76.36,28,51.53,50,90.68,2,85.75,29,82.06,39,69,40,
ARG,Argentina,AmÃ©riques,2023,73.36,40,75.25,30,49.8,71,90.66,2,76.82,53,74.27,86,29,-11,-3.92
ARG,Argentina,AmÃ©riques,2024,63.13,66,54.83,65,38.45,119,76.12,37,63.89,80,82.34,75,40,-26,-10.23
ARG,Argentina,AmÃ©riques,2025,56.14,87,38.91,115,35.49,122,71.81,48,55.85,105,78.64,89,66,-21,-6.99
ARM,Armenia,Europe - Asie centrale,2022,68.97,51,66.26,55,44.44,81,77.88,45,76.33,63,79.91,47,63,12,
ARM,Armenia,EEAC,2023,70.61,49,63.75,53,48.53,76,73.82,48,82.95,32,83.98,46,51,2,1.64
ARM,Armenia,EEAC,2024,71.6,43,63.13,47,48.18,70,78.25,30,78.57,33,89.88,34,49,6,0.99
ARM,Armenia,EEAC,2025,73.96,34,65.21,33,52.02,48,84.13,14,76.76,36,91.67,26,43,9,2.36
AUS,Australia,Asie-Pacifique,2022,73.77,39,77.17,27,63.44,30,64.18,96,84.17,33,79.88,48,25,-14,
AUS,Australia,Asie-Pacifique,2023,78.24,27,83.85,18,68.49,26,69.41,63,81.98,35,87.46,33,39,12,4.47
AUS,Australia,Asie-Pacifique,2024,73.42,39,74.43,25,64.58,27,69.23,60,70.41,59,88.44,47,27,-12,-4.82
AUS,Australia,Asie-Pacifique,2025,75.15,29,77.97,21,63.25,25,68.78,59,74.52,47,91.21,30,39,10,1.73
AUT,Austria,Europe - Asie centrale,2022,76.74,31,77.82,26,61.43,37,78.95,41,81.2,46,84.29,31,17,-14,
AUT,Austria,UE Balkans,2023,77.3,29,74.01,33,61.85,32,77.32,39,84.14,29,89.2,26,31,2,0.56
AUT,Austria,UE Balkans,2024,74.69,32,68.99,30,60.2,34,78.45,29,75.3,41,90.53,30,29,-3,-2.61
AUT,Austria,UE Balkans,2025,78.12,22,72.59,24,64.73,23,81.97,20,78.77,30,92.55,19,32,10,3.43
AZE,Azerbaijan,Europe - Asie centrale,2022,39.4,154,37.66,155,23.76,167,48.25,140,58.86,124,28.48,155,167,13,
AZE,Azerbaijan,EEAC,2023,39.93,151,35.45,165,25.91,173,38.95,149,50,135,49.35,126,154,3,0.53
AZE,Azerbaijan,EEAC,2024,27.99,164,17.08,173,18.01,179,35.85,154,37.76,147,31.27,159,151,-13,-11.94
AZE,Azerbaijan,EEAC,2025,25.47,167,17.44,164,16.15,175,35.02,154,30.2,164,28.57,160,164,-3,-2.52
BDI,Burundi,Afrique,2022,55.74,107,50.03,114,44.67,80,59.55,113,52.78,139,71.66,77,147,40,
BDI,Burundi,Afrique,2023,52.14,114,51.5,109,48.82,75,55.41,116,52.12,131,52.84,118,107,-7,-3.6
BDI,Burundi,Afrique,2024,51.78,108,45.32,100,44.89,85,53.32,113,58.01,103,57.37,115,114,6,-0.36
BDI,Burundi,Afrique,2025,45.44,125,41.98,101,38.61,106,47.86,126,50.35,121,48.39,123,108,-17,-6.34
BEL,Belgium,Europe - Asie centrale,2022,78.86,23,75.03,30,71.22,15,79.3,37,87.4,24,81.35,43,11,-12,
BEL,Belgium,UE Balkans,2023,76.47,31,79.06,24,62.09,31,78.3,36,82.39,33,80.53,65,23,-8,-2.39
BEL,Belgium,UE Balkans,2024,81.49,16,81.96,16,71.41,14,79.49,24,86.51,7,88.1,52,31,15,5.02
BEL,Belgium,UE Balkans,2025,80.12,18,79.16,19,69.15,14,79.9,31,81.8,18,90.58,37,16,-2,-1.37
BEN,Benin,Afrique,2022,48.39,121,47.73,117,28.19,158,57.46,118,55.5,132,53.1,119,114,-7,
BEN,Benin,Afrique,2023,52.44,112,48.98,119,39.83,125,56.01,111,63.49,89,53.9,117,121,9,4.05
BEN,Benin,Afrique,2024,56.73,89,47.68,93,39.48,115,57.31,102,63.33,83,75.83,93,112,23,4.29
BEN,Benin,Afrique,2025,54.6,92,40.69,108,359.91,121,55.21,108,65.55,70,75.58,97,89,-3,-2.13
BFA,Burkina Faso,Afrique,2022,73.12,41,78.99,23,67.69,26,75.58,52,87.83,22,55.52,113,37,-4,
BFA,Burkina Faso,Afrique,2023,67.64,58,62.81,57,58.33,41,67.45,69,81.25,38,75.55,83,41,-17,-5.48
BFA,Burkina Faso,Afrique,2024,58.24,86,47.94,92,54.89,47,62.8,84,63.92,79,61.64,108,58,-28,-9.4
BFA,Burkina Faso,Afrique,2025,52.25,105,41.9,102,50.38,55,59.41,95,62.75,80,46.82,126,86,-19,-5.99
BGD,Bangladesh,Asie-Pacifique,2022,36.63,162,42.12,140,32.48,138,44.15,148,48.5,149,15.88,172,152,-10,
BGD,Bangladesh,Asie-Pacifique,2023,35.31,163,39.06,154,36.11,142,35.22,154,36.55,157,29.6,167,162,-1,-1.32
BGD,Bangladesh,Asie-Pacifique,2024,27.64,165,19.36,167,27.83,167,31.32,158,32.65,157,27.03,167,163,-2,-7.67
BGD,Bangladesh,Asie-Pacifique,2025,33.71,149,29.03,145,33.79,134,36.71,150,39.87,144,29.17,159,165,16,6.07
BGR,Bulgaria,Europe - Asie centrale,2022,59.12,91,54.95,95,30.1,150,68.71,76,66.83,97,75.02,60,112,21,
BGR,Bulgaria,UE Balkans,2023,62.98,71,58.25,73,37.91,133,70.25,57,65.53,81,82.94,53,91,20,3.86
BGR,Bulgaria,UE Balkans,2024,65.32,59,60.63,50,41.6,105,72.24,50,67.06,70,85.08,61,71,12,2.34
BGR,Bulgaria,UE Balkans,2025,60.78,70,50.62,73,40.26,97,67.71,66,59.1,94,86.22,61,59,-11,-4.54
BHR,Bahrain,Maghreb - Moyen-Orient,2022,30.97,167,35.15,161,21.43,170,28.95,170,39.67,164,29.65,153,168,1,
BHR,Bahrain,MENA,2023,30.59,171,30.63,175,25.25,176,21.93,173,33.52,162,41.64,141,167,-4,-0.38
BHR,Bahrain,MENA,2024,23.21,173,17.46,171,20.92,174,19.81,175,20.7,175,37.15,150,171,-2,-7.38
BHR,Bahrain,MENA,2025,30.24,157,25.38,151,24.74,167,266.48,163,30.34,163,44.1,131,173,16,7.03
BIH,Bosnia-Herzegovina,Europe - Asie centrale,2022,65.64,67,61.56,69,40.23,101,79.57,35,71.86,79,74.95,61,58,-9,
BIH,Bosnia-Herzegovina,UE Balkans,2023,65.43,64,55.27,90,45.1,100,77.54,38,71.02,73,78.24,76,67,3,-0.21
BIH,Bosnia-Herzegovina,UE Balkans,2024,58.85,81,44.53,104,40.34,112,67.4,71,58.87,100,83.12,70,64,-17,-6.58
BIH,Bosnia-Herzegovina,UE Balkans,2025,56.33,86,45.74,89,37.91,108,67.46,67,61.4,85,69.16,105,81,-5,-2.52
BLR,Belarus,Europe - Asie centrale,2022,39.62,153,32.93,169,48.75,59,37.23,158,60.33,118,18.85,164,158,5,
BLR,Belarus,EEAC,2023,37.17,157,32.34,174,47.67,82,28.07,167,48.3,139,29.45,168,153,-4,-2.45
BLR,Belarus,EEAC,2024,26.8,167,15.94,175,36.34,132,18.8,176,38.69,143,24.21,171,157,-10,-10.37
BLR,Belarus,EEAC,2025,25.73,166,13.27,174,36.14,117,19.04,172,36.65,149,23.52,171,167,1,-1.07
BLZ,Belize,AmÃ©riques,2022,70.67,47,70,47,52.04,48,63.6,100,82,38,85.71,28,53,6,
BLZ,Belize,AmÃ©riques,2023,70.49,51,61.98,62,53.92,54,68.11,66,79.55,46,88.89,27,47,-4,-0.18
BLZ,Belize,AmÃ©riques,2024,66.85,54,51.57,76,49.48,62,62.18,86,77.98,34,93.06,14,51,-3,-3.64
BLZ,Belize,AmÃ©riques,2025,68.32,47,53.15,64,48.25,61,63.99,77,81.36,21,94.83,6,54,7,1.47
BOL,Bolivia,AmÃ©riques,2022,47.58,126,44.55,133,33.67,132,58.77,114,45,155,55.89,112,110,-16,
BOL,Bolivia,AmÃ©riques,2023,51.09,117,46.53,127,45.72,96,60.12,97,56.4,119,46.68,130,126,9,3.51
BOL,Bolivia,AmÃ©riques,2024,48.88,124,31.24,145,38.08,121,57.59,100,59.79,97,57.7,113,117,-7,-2.21
BOL,Bolivia,AmÃ©riques,2025,54.09,93,34.87,131,37.3,111,62.41,87,63.06,78,72.8,99,124,31,5.21
BRA,Brazil,AmÃ©riques,2022,55.36,110,51.62,105,37.59,115,69.74,69,70,83,47.86,124,111,1,
BRA,Brazil,AmÃ©riques,2023,58.67,92,55.79,82,52.59,59,72.44,51,76.22,57,36.3,149,110,18,3.31
BRA,Brazil,AmÃ©riques,2024,58.59,82,57.89,55,44.68,86,66.88,73,57.14,105,66.37,104,92,10,-0.08
BRA,Brazil,AmÃ©riques,2025,63.8,63,61.52,43,47.29,66,66.81,71,61.3,86,82.11,78,82,19,5.21
BRN,Brunei,Asie-Pacifique,2022,42.53,144,40.61,146,30.61,148,28.51,171,34,171,78.91,50,154,10,
BRN,Brunei,Asie-Pacifique,2023,44.2,142,49.84,113,34.8,151,30.66,162,29.88,170,75.83,82,144,2,1.67
BRN,Brunei,Asie-Pacifique,2024,50.09,117,49.42,82,45.16,83,41.08,141,37.83,146,76.99,89,142,25,5.89
BRN,Brunei,Asie-Pacifique,2025,53.47,97,46.03,88,48.19,63,43.58,138,43.7,137,85.85,65,117,20,3.38
BTN,Bhutan,Asie-Pacifique,2022,76.46,33,78.79,25,62.24,34,70.39,67,77,60,93.88,4,65,32,
BTN,Bhutan,Asie-Pacifique,2023,59.25,90,62.08,61,50.49,66,46.54,134,49.51,136,87.62,31,33,-57,-17.21
BTN,Bhutan,Asie-Pacifique,2024,37.29,147,25.8,154,31.04,162,29.62,165,28.57,169,71.43,97,90,-57,-21.96
BTN,Bhutan,Asie-Pacifique,2025,32.62,152,20.63,161,22.34,170,20.95,169,19.16,174,80,83,147,-5,-4.67
BWA,Botswana,Afrique,2022,58.49,95,56.97,86,37.24,116,56.36,122,69.75,85,72.11,75,38,-57,
BWA,Botswana,Afrique,2023,64.61,65,55.63,84,50.44,67,58.07,103,78.79,48,80.14,69,95,30,6.12
BWA,Botswana,Afrique,2024,59.78,79,49.9,80,42.56,97,57.28,103,69.56,61,79.59,82,65,-14,-4.83
BWA,Botswana,Afrique,2025,57.64,81,50.93,71,39.18,103,54.05,112,68.18,59,75.87,96,79,-2,-2.14
CAF,Central African Republic,Afrique,2022,56.96,101,51.21,107,41.07,99,62.06,103,68.25,92,62.19,102,126,25,
CAF,Central African Republic,Afrique,2023,57.56,98,53.39,99,49.02,74,63.88,86,66.56,78,54.97,112,101,3,0.6
CAF,Central African Republic,Afrique,2024,60.12,76,48.55,87,44.97,84,64.42,78,62.9,86,79.76,80,98,22,2.56
CAF,Central African Republic,Afrique,2025,60.15,72,50.68,72,40.79,94,65.16,73,67.3,61,76.82,93,76,4,0.03
CAN,Canada,AmÃ©riques,2022,81.74,19,82.27,16,71.17,16,80.26,33,92,6,82.99,37,14,-5,
CAN,Canada,AmÃ©riques,2023,83.53,15,88.13,8,72.22,17,86.48,7,88.26,15,82.56,54,19,4,1.79
CAN,Canada,AmÃ©riques,2024,81.7,14,86.23,11,66.35,21,83.75,11,82.38,22,89.76,36,15,1,-1.83
CAN,Canada,AmÃ©riques,2025,78.75,21,82.97,14,63.27,24,81.73,22,78.11,33,87.66,55,14,-7,-2.95
CHE,Switzerland,Europe - Asie centrale,2022,82.72,14,90,8,68.37,21,80.99,29,88.33,21,85.92,27,10,-4,
CHE,Switzerland,UE Balkans,2023,84.4,12,87.42,10,72.79,15,77.95,37,92.33,4,91.52,15,14,2,1.68
CHE,Switzerland,UE Balkans,2024,84.01,9,87.78,8,72.32,11,78.85,27,85.2,11,95.92,4,12,3,-0.39
CHE,Switzerland,UE Balkans,2025,83.98,9,85.7,9,73.21,9,83.73,15,83.4,15,93.86,12,9,0,-0.03
CHL,Chile,AmÃ©riques,2022,60.61,82,65.03,59,42.86,86,67.63,82,72.4,77,55.15,115,54,-28,
CHL,Chile,AmÃ©riques,2023,60.09,83,70.8,41,47.48,84,65.09,79,65.58,80,51.49,124,82,-1,-0.52
CHL,Chile,AmÃ©riques,2024,67.32,52,68.84,32,46.98,76,68.75,64,68.45,65,83.57,68,83,31,7.23
CHL,Chile,AmÃ©riques,2025,62.25,69,65.01,34,41.94,88,64.1,76,57.77,98,82.41,77,52,-17,-5.07
CHN,China,Asie-Pacifique,2022,25.17,175,27.45,176,26.02,164,23.25,175,33.3,172,15.84,173,177,2,
CHN,China,Asie-Pacifique,2023,22.97,179,26.06,178,29.51,167,17.36,178,17.07,177,24.87,173,175,-4,-2.2
CHN,China,Asie-Pacifique,2024,23.36,172,19.14,168,29.65,163,22.28,172,21.79,173,23.93,172,179,7,0.39
CHN,China,Asie-Pacifique,2025,14.8,178,9.78,179,20.53,171,11.23,179,15.73,176,16.74,174,172,-6,-8.56
CIV,Côte d'Ivoire,Afrique,2022,74.46,37,74.89,31,58.45,39,75.94,50,81.43,41,81.6,41,66,29,
CIV,Côte d'Ivoire,Afrique,2023,68.83,54,66.98,45,58.01,43,71.07,54,76.33,56,71.79,90,37,-17,-5.63
CIV,Côte d'Ivoire,Afrique,2024,66.89,53,61.43,49,55.05,45,74.63,40,73.08,51,70.28,99,54,1,-1.94
CIV,Côte d'Ivoire,Afrique,2025,63.69,64,57.47,52,49.99,57,70.7,51,70.29,57,70.02,103,53,-11,-3.2
CMR,Cameroon,Afrique,2022,49.1,118,48.05,116,35.71,123,56.89,121,67.57,94,37.25,140,135,17,
CMR,Cameroon,Afrique,2023,45.58,138,42.5,141,35.99,144,44.07,141,58.77,107,46.58,131,118,-20,-3.52
CMR,Cameroon,Afrique,2024,44.95,130,43.68,107,34.09,144,52.71,115,59.31,99,34.97,153,138,8,-0.63
CMR,Cameroon,Afrique,2025,42.75,131,41.11,107,32.84,141,49.36,121,57.39,99,33.04,153,130,-1,-2.2
COD,DR Congo,Afrique,2022,47.66,125,51.33,106,41.43,95,60.88,108,60.3,119,24.34,161,149,24,
COD,DR Congo,Afrique,2023,48.55,124,51.03,110,44.36,109,52,122,59.94,101,35.42,153,125,1,0.89
COD,DR Congo,Afrique,2024,48.91,123,46.52,97,42.29,99,51.54,117,65.83,73,38.34,147,124,1,0.36
COD,DR Congo,Afrique,2025,42.31,133,40.47,110,34.77,130,48.08,124,56.28,104,31.94,154,123,-10,-6.6
COG,Congo-Brazzaville,Afrique,2022,58.64,93,58.06,83,48.57,61,64.21,95,62.6,112,59.76,108,118,25,
COG,Congo-Brazzaville,Afrique,2023,60.42,81,57.58,76,45.71,97,62.15,90,58.52,108,78.17,77,93,12,1.78
COG,Congo-Brazzaville,Afrique,2024,62.57,69,54.28,70,42.92,95,63.27,82,67.14,69,85.24,60,81,12,2.15
COG,Congo-Brazzaville,Afrique,2025,60.58,71,51.68,69,40.76,95,62.31,88,62.44,83,85.72,67,69,-2,-1.99
COL,Colombia,AmÃ©riques,2022,42.43,145,44.7,130,32.27,142,60.42,109,50.38,146,24.4,160,134,-11,
COL,Colombia,AmÃ©riques,2023,45.23,139,55.63,84,35.05,149,64.1,83,37.37,156,34.01,155,145,6,2.8
COL,Colombia,AmÃ©riques,2024,49.63,119,48.05,90,37.58,124,72.71,48,48.08,132,41.75,139,139,20,4.4
COL,Colombia,AmÃ©riques,2025,49.8,115,48.5,83,35.43,123,69.16,55,45.8,132,50.12,121,119,4,0.17
COM,Comoros,Afrique,2022,60.16,83,56.36,88,50.26,57,59.98,112,75.63,66,58.56,109,84,1,
COM,Comoros,Afrique,2023,62.25,75,55.09,92,49.72,72,65.36,78,61.85,92,79.21,73,83,8,2.09
COM,Comoros,Afrique,2024,61.47,71,48.84,85,52.19,54,62.02,87,65.71,74,78.57,86,75,4,-0.78
COM,Comoros,Afrique,2025,59.27,75,50.25,75,47.13,67,62.07,89,60.84,89,76.08,94,71,-4,-2.2
CPV,Cabo Verde,Afrique,2022,75.37,36,72.55,39,62.76,32,77.98,44,75.4,68,88.16,19,27,-9,
CPV,Cabo Verde,Afrique,2023,75.72,33,73.86,34,60.78,34,73.76,49,80.17,42,90.01,25,36,3,0.35
CPV,Cabo Verde,Afrique,2024,72.77,41,69.51,28,54.25,48,74.7,39,73.35,50,92.03,25,33,-8,-2.95
CPV,Cabo Verde,Afrique,2025,74.98,30,72.56,25,54.34,43,77.47,36,76.47,39,94.06,10,41,11,2.21
CRI,Costa Rica,AmÃ©riques,2022,85.92,8,81.62,17,72.96,11,87.72,6,92.5,4,94.78,3,5,-3,
CRI,Costa Rica,AmÃ©riques,2023,80.2,23,65.94,48,70.59,22,85.93,8,87.97,16,90.56,21,8,-15,-5.72
CRI,Costa Rica,AmÃ©riques,2024,76.13,26,57.41,58,63.89,28,83.97,9,82.8,19,92.59,18,23,-3,-4.07
CRI,Costa Rica,AmÃ©riques,2025,73.09,36,49.96,76,61.69,28,85,10,76.68,37,92.13,24,26,-10,-3.04
CSS,OECS,AmÃ©riques,2023,58.36,93,55.47,87,45.34,99,54.01,119,59.94,101,77.04,80,55,-38,
CSS,OECS,AmÃ©riques,2024,62.83,68,54.63,66,50.4,56,57.01,105,65.28,75,86.82,57,93,25,4.47
CSS,OECS,AmÃ©riques,2025,68.08,48,55.27,58,47.96,65,68.79,58,75.98,41,92.4,22,68,20,5.25
CTU,Northern Cyprus,Europe - Asie centrale,2022,61.08,81,56.48,87,38.78,108,69.82,68,60.2,120,80.14,46,76,-5,-7
CTU,Northern Cyprus,UE Balkans,2023,61.73,76,56.18,80,42.92,114,63.1,87,63.45,90,83.01,52,81,5,
CTU,Northern Cyprus,UE Balkans,2024,56.72,90,46.9,96,42.61,96,56.12,108,53.25,116,84.74,63,76,-14,-5.01
CTU,Northern Cyprus,UE Balkans,2025,54.84,91,44.33,95,34.94,128,58.06,98,49.67,122,87.21,58,90,-1,-1.88
CUB,Cuba,AmÃ©riques,2022,27.32,173,27.27,177,39.8,104,15.79,180,27.5,175,26.24,158,171,-2,-27.52
CUB,Cuba,AmÃ©riques,2023,29,172,32.85,172,35.73,146,14.36,180,29.94,169,32.14,158,173,1,
CUB,Cuba,AmÃ©riques,2024,25.63,168,14.86,176,24.48,171,15.63,180,30.16,162,43.05,134,172,4,-3.37
CUB,Cuba,AmÃ©riques,2025,26.03,165,13.75,172,19.07,174,18.24,174,35.46,152,43.64,136,168,3,0.4
CYP,Cyprus,Europe - Asie centrale,2022,65.97,65,61.21,70,42.09,91,74.56,56,65.75,101,86.25,26,26,-39,39.94
CYP,Cyprus,UE Balkans,2023,68.62,55,64.66,50,53.12,56,71.89,52,64.98,85,88.44,29,65,10,
CYP,Cyprus,UE Balkans,2024,63.14,65,55.8,61,47.44,73,67.9,66,55.4,111,89.19,42,55,-10,-5.48
CYP,Cyprus,UE Balkans,2025,59.04,77,51.97,65,41.78,90,64.5,75,48.67,126,88.3,50,65,-12,-4.1
CZE,Czechia,Europe - Asie centrale,2022,80.54,20,79.66,22,61.56,36,84.21,18,88.44,20,88.81,17,40,20,21.5
CZE,Czechia,UE Balkans,2023,83.58,14,82.19,19,65.52,28,86.64,6,91.29,6,92.27,11,20,6,
CZE,Czechia,UE Balkans,2024,80.14,17,80.21,18,62.58,30,80.18,21,85.16,12,92.58,19,14,-3,-3.44
CZE,Czechia,UE Balkans,2025,83.96,10,84.64,11,65.41,22,88.22,6,87.66,4,93.87,11,17,7,3.82
DEU,Germany,Europe - Asie centrale,2022,82.04,16,87.03,10,80.07,7,87.08,8,89.47,17,66.58,91,13,-3,-1.92
DEU,Germany,UE Balkans,2023,81.91,21,87.33,12,82.31,6,85.85,9,87.19,19,66.88,96,16,-5,
DEU,Germany,UE Balkans,2024,83.84,10,85.22,14,77.63,6,84.69,8,82.38,22,89.29,40,21,11,1.93
DEU,Germany,UE Balkans,2025,83.85,11,84.87,10,77.9,8,84.72,11,80.93,23,90.82,35,10,-1,0.01
DJI,Djibouti,Afrique,2022,35.75,164,32.73,170,16.12,177,37.72,157,37.6,165,54.56,117,176,12,-48.1
DJI,Djibouti,Afrique,2023,35.87,162,39.25,152,25.49,174,34.53,157,28.18,172,51.9,121,164,2,
DJI,Djibouti,Afrique,2024,30.14,161,24.12,156,26.74,169,30.63,161,29.08,168,40.13,143,162,1,-5.73
DJI,Djibouti,Afrique,2025,25.36,168,15.78,167,15.08,178,24.94,165,24.44,170,46.58,128,161,-7,-4.78
DNK,Denmark,Europe - Asie centrale,2022,90.27,2,94.34,2,83.67,3,89.18,4,91.17,9,92.97,7,4,2,64.91
DNK,Denmark,UE Balkans,2023,89.48,3,91.95,4,85.17,4,87.5,5,87.78,17,95,5,2,-1,
DNK,Denmark,UE Balkans,2024,89.6,2,94.11,2,83.07,4,88.82,3,86.9,5,95.09,5,3,1,0.12
DNK,Denmark,UE Balkans,2025,86.93,6,91.13,3,78.46,7,86.78,8,83.85,13,94.43,8,2,-4,-2.67
DOM,Dominican Republic,AmÃ©riques,2022,76.9,30,71.52,40,62.24,34,85.96,11,92,6,72.79,71,50,20,-10.03
DOM,Dominican Republic,AmÃ©riques,2023,71.88,43,71.48,39,52.45,60,76.53,46,76.42,55,82.5,56,30,-13,
DOM,Dominican Republic,AmÃ©riques,2024,73.89,35,72.61,26,53.54,51,86.92,5,82.14,24,74.24,95,43,8,2.01
DOM,Dominican Republic,AmÃ©riques,2025,69.87,43,68.62,30,51.5,50,84.42,12,77.71,35,67.13,106,35,-8,-4.02
DZA,Algeria,Maghreb - Moyen-Orient,2022,45.53,134,41.21,143,32.4,139,54.17,127,55.88,131,44.02,130,146,12,-24.34
DZA,Algeria,MENA,2023,45.74,136,42.14,142,36.13,141,46.09,136,52.6,129,51.72,122,134,-2,
DZA,Algeria,MENA,2024,41.98,139,32.16,142,32.55,153,45.43,134,43.01,140,56.75,117,136,-3,-3.76
DZA,Algeria,MENA,2025,44.64,126,38.9,116,32.29,144,48.03,125,46.3,129,57.68,114,139,13,2.66
ECU,Ecuador,AmÃ©riques,2022,64.61,68,60.1,73,55.44,42,67.98,79,69.5,87,70.03,82,96,28,19.97
ECU,Ecuador,AmÃ©riques,2023,60.51,80,60.52,66,61.6,33,70.13,58,61.55,93,48.76,128,68,-12,
ECU,Ecuador,AmÃ©riques,2024,51.3,110,39.57,120,43.33,94,60.77,92,47.38,136,65.48,106,80,-30,-9.21
ECU,Ecuador,AmÃ©riques,2025,53.76,94,412.67,105,43.93,77,58.75,97,53.18,114,71.68,102,110,16,2.46
EGY,Egypt,Maghreb - Moyen-Orient,2022,30.23,168,30.91,174,23.47,168,34.87,162,44.25,158,17.64,169,166,-2,-23.53
EGY,Egypt,MENA,2023,33.37,166,29.63,176,31.96,162,34.72,156,39.55,151,31.02,162,168,2,
EGY,Egypt,MENA,2024,25.1,170,16.1,174,24.69,170,29.81,164,27.62,171,27.27,166,166,-4,-8.27
EGY,Egypt,MENA,2025,24.74,170,13.63,173,23.26,169,32.65,157,25.67,169,28.49,161,170,0,-0.36
ERI,Eritrea,Afrique,2022,19.62,179,22.22,180,19.73,174,25.15,174,19.67,179,11.36,178,180,1,-5.12
ERI,Eritrea,Afrique,2023,27.86,174,33.13,171,26.96,172,23.43,171,26.16,173,29.61,166,179,5,
ERI,Eritrea,Afrique,2024,16.64,180,12.75,180,18.54,178,16.92,178,20.71,174,14.26,178,174,-6,-11.22
ERI,Eritrea,Afrique,2025,11.32,180,10.81,178,15.46,177,8.35,180,11.69,179,10.29,180,180,0,-5.32
ESP,Spain,Europe - Asie centrale,2022,76.71,32,72.73,38,63.38,31,82.16,25,81.89,39,83.4,35,29,-3,65.39
ESP,Spain,UE Balkans,2023,75.37,36,72.12,38,60.33,37,78.74,33,83.13,31,82.51,55,32,-4,
ESP,Spain,UE Balkans,2024,76.01,30,68.96,31,59.72,36,81.73,14,79.56,30,90.08,33,36,6,0.64
ESP,Spain,UE Balkans,2025,77.35,23,72.46,26,58.06,34,83.24,17,81.51,20,91.5,28,30,7,1.34
EST,Estonia,Europe - Asie centrale,2022,88.83,4,91.11,5,81.97,6,87.87,5,90,13,93.2,6,15,11,11.48
EST,Estonia,UE Balkans,2023,85.31,8,85.36,17,76.75,10,82.88,18,90.75,9,90.79,20,4,-4,
EST,Estonia,UE Balkans,2024,86.44,6,86.88,10,76.77,8,83.65,12,90,2,94.88,6,8,2,1.13
EST,Estonia,UE Balkans,2025,89.46,2,90.87,4,79.4,5,90,3,91.61,1,95.41,5,6,4,3.02
ETH,Ethiopia,Afrique,2022,50.53,114,50.65,112,45.77,76,63.66,99,57.29,126,35.29,144,101,-13,-38.93
ETH,Ethiopia,Afrique,2023,47.7,130,50.25,111,43.14,113,62.64,89,43.64,146,38.82,146,114,-16,
ETH,Ethiopia,Afrique,2024,41.37,141,33.9,136,41.2,107,50,124,47.62,135,34.13,156,130,-11,-6.33
ETH,Ethiopia,Afrique,2025,36.92,145,31.46,139,34.73,131,51.07,118,37.87,146,29.48,157,141,-4,-4.45
FIN,Finland,Europe - Asie centrale,2022,88.42,5,90.4,6,82.03,5,86.64,9,90.77,10,92.26,10,2,-3,51.5
FIN,Finland,UE Balkans,2023,87.94,5,91.55,5,83.8,5,84.86,11,89.17,13,90.35,23,5,0,
FIN,Finland,UE Balkans,2024,86.55,5,89.05,6,80.9,5,86.16,6,84.52,14,92.13,21,5,0,-1.39
FIN,Finland,UE Balkans,2025,87.18,5,89.93,7,80.54,4,87.93,7,83.87,12,93.65,14,5,0,0.63
FJI,Fiji,Asie-Pacifique,2022,56.91,102,44.85,128,39.8,104,58.33,115,64,107,77.55,54,55,-47,-30.27
FJI,Fiji,Asie-Pacifique,2023,59.27,89,53.13,102,45.1,100,55.97,112,62.88,91,79.26,72,102,13,
FJI,Fiji,Asie-Pacifique,2024,71.23,44,59.26,52,64.66,26,69.04,63,74.35,45,88.86,43,89,45,11.96
FJI,Fiji,Asie-Pacifique,2025,71.2,40,68.32,31,60.99,29,67.72,65,71.21,55,87.74,53,44,4,-0.03
FRA,France,Europe - Asie centrale,2022,78.53,26,79.85,21,67.86,23,86.51,10,89.38,18,69.05,85,34,8,7.33
FRA,France,UE Balkans,2023,78.72,24,79.44,22,68.87,25,81.56,22,87.1,21,76.64,81,26,2,
FRA,France,UE Balkans,2024,78.65,21,78.93,21,66.27,22,78.18,31,81.5,26,88.38,49,24,3,-0.07
FRA,France,UE Balkans,2025,76.62,25,75.42,22,63.13,26,80.92,27,77.8,34,85.8,66,21,-4,-2.03
GAB,Gabon,Afrique,2022,56,105,48.38,115,39.46,106,56.14,123,65.5,102,70.52,80,117,12,-20.62
GAB,Gabon,Afrique,2023,58.12,94,48.33,122,46.57,90,57.39,106,58.14,111,80.17,68,105,11,
GAB,Gabon,Afrique,2024,65.83,56,58.51,54,49.74,60,70.19,57,71.09,57,79.59,82,94,38,7.71
GAB,Gabon,Afrique,2025,70.65,41,61.17,45,51.8,49,70.58,52,79.62,27,90.09,40,56,15,4.82
GBR,United Kingdom,Europe - Asie centrale,2022,78.71,24,80.57,18,72.75,12,76.63,48,84.29,32,79.33,49,33,9,8.06
GBR,United Kingdom,UE Balkans,2023,78.51,26,80.88,21,74.71,12,73.49,50,81.36,37,82.12,59,24,-2,
GBR,United Kingdom,UE Balkans,2024,77.51,23,80.12,19,69.42,18,74.35,42,75.38,40,88.29,50,26,3,-1
GBR,United Kingdom,UE Balkans,2025,78.89,20,81.54,16,68.43,16,75.6,40,78.46,31,90.42,39,23,3,1.38
GEO,Georgia,Europe - Asie centrale,2022,59.3,89,52.42,102,46.43,74,80.79,32,75.5,67,41.34,135,60,-29,-19.59
GEO,Georgia,EEAC,2023,61.69,77,48.4,121,47.17,87,76,47,75,63,61.9,100,89,12,
GEO,Georgia,EEAC,2024,53.05,103,36.23,127,39.93,114,67.31,72,60.45,93,61.35,110,77,-26,-8.64
GEO,Georgia,EEAC,2025,50.53,114,34.25,132,37.44,110,57.8,100,56.88,102,66.31,109,103,-11,-2.52
GHA,Ghana,Afrique,2022,67.43,60,66.61,54,47.22,69,81.42,27,79.64,53,62.25,101,30,-30,16.9
GHA,Ghana,Afrique,2023,65.93,62,61.88,63,47.94,80,79.62,31,78.98,47,61.25,103,60,-2,
GHA,Ghana,Afrique,2024,67.71,50,59.5,51,47.92,72,74.79,38,73.41,48,82.94,72,62,12,1.78
GHA,Ghana,Afrique,2025,67.13,52,64.44,36,44.93,73,75.4,41,71.97,52,78.93,86,50,-2,-0.58
GIN,Guinea,Afrique,2022,59.82,84,59.26,80,47.05,70,71.15,65,70.67,81,50.96,122,109,25,-7.31
GIN,Guinea,Afrique,2023,59.51,85,60,67,46.08,93,62.85,88,60.09,99,68.55,95,84,-1,
GIN,Guinea,Afrique,2024,59.97,78,49.28,83,50,57,64.58,77,69.05,62,66.95,103,85,7,0.46
GIN,Guinea,Afrique,2025,52.53,103,41.33,103,47.01,68,62.44,86,65.65,69,46.22,129,78,-25,-7.44
GMB,Gambia,Afrique,2022,69.25,50,71.11,43,51.36,51,67.69,81,81.33,44,74.74,64,85,35,16.72
GMB,Gambia,Afrique,2023,71.06,46,66.88,46,59.22,39,60.75,93,85,27,83.46,49,50,4,
GMB,Gambia,Afrique,2024,65.53,58,57.56,57,48.51,66,60.71,93,76.87,37,84.01,65,46,-12,-5.53
GMB,Gambia,Afrique,2025,65.49,58,59.1,47,46.47,69,62.95,83,72.8,51,86.12,62,58,0,-0.04
GNB,Guinea-Bissau,Afrique,2022,58.79,92,51.15,108,50.82,52,68.42,77,62.4,113,61.18,104,95,3,-6.7
GNB,Guinea-Bissau,Afrique,2023,61.57,78,56.09,81,51.72,61,70.05,59,65.06,84,64.95,98,92,14,
GNB,Guinea-Bissau,Afrique,2024,55.95,92,48.26,88,39.38,116,61.92,88,54.05,114,76.13,92,78,-14,-5.62
GNB,Guinea-Bissau,Afrique,2025,51.36,110,412.74,104,36.25,114,55.5,104,51.54,119,72.26,100,92,-18,-4.59
GNQ,Equatorial Guinea,Afrique,2022,43.96,141,42.73,138,24.49,165,44.3,147,44.25,158,64.04,95,164,23,-7.4
GNQ,Equatorial Guinea,Afrique,2023,50.35,120,43.85,136,36.93,138,57.92,104,39.58,150,73.47,87,141,21,
GNQ,Equatorial Guinea,Afrique,2024,46.49,127,33.62,137,31.46,161,40.96,142,49.05,129,77.38,88,120,-7,-3.86
GNQ,Equatorial Guinea,Afrique,2025,48.68,118,32.07,136,27.74,160,49.57,120,50.41,120,83.63,74,127,9,2.19
GRC,Greece,Europe - Asie centrale,2022,55.52,108,60.5,72,38.13,113,69.54,70,65.36,103,44.1,128,70,-38,6.84
GRC,Greece,UE Balkans,2023,55.2,107,53.31,100,37.66,134,61.36,92,52.23,130,71.44,91,108,1,
GRC,Greece,UE Balkans,2024,57.15,88,45.25,101,37.61,123,64.68,76,52.44,120,85.78,59,107,19,1.95
GRC,Greece,UE Balkans,2025,55.37,89,44.48,94,35,127,63.22,81,49.41,124,84.73,72,88,-1,-1.78
GTM,Guatemala,AmÃ©riques,2022,47.94,124,46.06,123,33.67,132,68.86,73,59,123,32.12,150,116,-8,-7.43
GTM,Guatemala,AmÃ©riques,2023,48.12,127,42.64,140,40.09,124,64.15,81,57.58,113,36.15,151,124,-3,
GTM,Guatemala,AmÃ©riques,2024,42.28,138,33.57,138,38.13,120,57.24,104,46.67,137,35.78,151,127,-11,-5.84
GTM,Guatemala,AmÃ©riques,2025,40.32,138,39.36,114,33.39,135,54.12,111,37.16,148,37.56,147,138,0,-1.96
GUY,Guyana,AmÃ©riques,2022,76.41,34,70.06,46,67.76,25,75.61,51,81.4,43,87.21,24,51,17,36.09
GUY,Guyana,AmÃ©riques,2023,67.5,60,54.69,93,58.82,40,59.43,100,79.83,45,84.72,40,34,-26,
GUY,Guyana,AmÃ©riques,2024,60.1,77,44.93,103,46.61,77,60.46,94,65.18,76,83.33,69,60,-17,-7.4
GUY,Guyana,AmÃ©riques,2025,60.12,73,40.27,111,48.23,62,61.8,90,65.97,67,84.31,73,77,4,0.02
HKG,Hong Kong,Asie-Pacifique,2022,41.64,148,40.5,147,35.9,122,42.58,151,57.45,125,31.78,151,80,-68,-18.48
HKG,Hong Kong,Asie-Pacifique,2023,44.86,140,40.43,148,45.89,95,38.32,150,56.51,118,43.15,135,148,8,
HKG,Hong Kong,Asie-Pacifique,2024,43.06,135,34.68,134,45.88,81,39.33,145,47.73,134,47.67,130,140,5,-1.8
HKG,Hong Kong,Asie-Pacifique,2025,39.86,140,27.4,146,44.76,74,36.76,149,46.67,128,437.15,135,135,-5,-3.2
HND,Honduras,AmÃ©riques,2022,34.61,165,33.33,167,31.63,146,36.84,159,31,173,40.22,136,151,-14,-5.25
HND,Honduras,AmÃ©riques,2023,32.65,169,40,149,33.33,157,39.94,148,22.37,175,27.61,171,165,-4,
HND,Honduras,AmÃ©riques,2024,38.18,146,35.36,132,34.89,140,49.17,126,35.95,153,35.51,152,169,23,5.53
HND,Honduras,AmÃ©riques,2025,38.51,142,30.22,142,31.38,149,46.3,132,41.01,142,43.62,137,146,4,0.33
HRV,Croatia,Europe - Asie centrale,2022,70.42,48,68.26,49,50.46,53,79.19,38,76.09,64,78.08,52,56,8,31.91
HRV,Croatia,UE Balkans,2023,71.95,42,67.56,44,51.07,65,81.82,21,74.59,66,84.71,43,48,6,
HRV,Croatia,UE Balkans,2024,68.79,48,57.81,56,49.42,63,78.1,33,68.92,64,89.68,37,42,-6,-3.16
HRV,Croatia,UE Balkans,2025,64.2,60,54.15,61,44.08,75,73.52,46,60.22,90,89.04,47,48,-12,-4.59
HTI,Haiti,AmÃ©riques,2022,64.55,70,59.6,77,50.34,56,72.22,63,80.67,47,59.91,106,87,17,0.35
HTI,Haiti,AmÃ©riques,2023,57.38,99,59.38,71,48.18,79,69.95,61,73.38,69,36.02,152,70,-29,
HTI,Haiti,AmÃ©riques,2024,55.92,93,53.38,72,44.44,88,67.47,69,69.05,62,45.26,131,99,6,-1.46
HTI,Haiti,AmÃ©riques,2025,510.61,111,48.58,82,37.03,112,60.68,92,67.21,64,41.8,139,93,-18,454.69
HUN,Hungary,Europe - Asie centrale,2022,59.8,85,47.07,119,32.31,141,67.25,83,67.33,95,85.03,29,92,7,-450.81
HUN,Hungary,UE Balkans,2023,62.96,72,45.63,130,43.94,112,70.94,55,72.62,70,81.66,62,85,13,
HUN,Hungary,UE Balkans,2024,62.98,67,38.55,124,48.23,68,67.88,67,74.29,46,85.97,58,72,5,0.02
HUN,Hungary,UE Balkans,2025,62.82,68,37.14,124,48.07,64,67.96,64,74.88,46,86.05,63,67,-1,-0.16
IDN,Indonesia,Asie-Pacifique,2022,49.27,117,45.91,125,41.33,96,55.7,125,66,99,37.42,139,113,-4,-13.55
IDN,Indonesia,Asie-Pacifique,2023,54.83,108,55.16,91,44.61,106,63.92,85,55.97,123,54.49,115,117,9,
IDN,Indonesia,Asie-Pacifique,2024,51.15,111,38.95,123,33.46,150,57.57,101,47.77,133,77.98,87,108,-3,-3.68
IDN,Indonesia,Asie-Pacifique,2025,44.13,127,36.59,127,32.57,142,54.79,109,49.66,123,47.04,125,111,-16,-7.02
IND,India,Asie-Pacifique,2022,41,150,40.76,145,30.36,149,57.02,120,56.25,127,20.61,163,142,-8,-3.13
IND,India,Asie-Pacifique,2023,36.62,161,33.65,169,34.15,155,42.92,144,45.27,143,27.12,172,150,-11,
IND,India,Asie-Pacifique,2024,31.28,159,21.58,159,31.67,157,40.87,143,33.33,156,28.97,162,161,2,-5.34
IND,India,Asie-Pacifique,2025,32.96,151,24.3,155,34.17,132,42.64,141,32.38,160,31.3,155,159,8,1.68
IRL,Ireland,Europe - Asie centrale,2022,88.3,6,89.24,9,79.08,8,85.09,14,92.5,4,95.58,2,12,6,55.34
IRL,Ireland,UE Balkans,2023,89.91,2,93.91,2,82.11,7,82.55,19,94.03,3,96.94,2,6,4,
IRL,Ireland,UE Balkans,2024,85.59,8,89.86,5,77,7,80.45,18,86.61,6,94.05,9,2,-6,-4.32
IRL,Ireland,UE Balkans,2025,86.92,7,91.3,2,78.77,6,81.49,24,87.25,5,95.8,4,8,1,1.33
IRN,Iran,Maghreb - Moyen-Orient,2022,23.22,178,30.71,175,21.32,171,26.71,173,23.78,177,13.61,174,174,-4,-63.7
IRN,Iran,MENA,2023,24.81,177,33.67,168,30.51,165,20.17,176,16.06,178,23.62,175,178,1,
IRN,Iran,MENA,2024,21.3,176,23.19,157,23.44,172,20.03,174,19.84,176,20.02,176,177,1,-3.51
IRN,Iran,MENA,2025,16.22,176,12.86,175,19.26,172,16.78,175,14.55,177,17.66,173,176,0,-5.08
IRQ,Iraq,Maghreb - Moyen-Orient,2022,28.59,172,34.14,163,20.07,173,29.82,168,40.67,163,18.27,166,163,-9,12.37
IRQ,Iraq,MENA,2023,32.94,167,39.25,152,28.04,170,31.13,161,36.36,158,29.9,165,172,5,
IRQ,Iraq,MENA,2024,25.48,169,20.65,162,22.14,173,26.44,170,29.46,167,28.69,163,167,-2,-7.46
IRQ,Iraq,MENA,2025,30.69,155,25.82,149,25.72,164,37.79,145,34.81,153,29.31,158,169,14,5.21
ISL,Iceland,Europe - Asie centrale,2022,82.69,15,86.21,13,65.56,28,82.68,23,87.5,23,91.5,13,16,1,52
ISL,Iceland,UE Balkans,2023,83.19,18,86.04,14,68.35,27,82.35,20,87.01,22,92.22,12,15,-3,
ISL,Iceland,UE Balkans,2024,80.13,18,79.94,20,65.1,24,79.11,25,83.28,16,93.24,12,18,0,-3.06
ISL,Iceland,UE Balkans,2025,81.36,17,82.24,15,65.71,21,81.12,25,82.93,16,94.82,7,18,1,1.23
ISR,Israel,Maghreb - Moyen-Orient,2022,59.62,86,65.15,58,55.1,44,53.51,130,77.75,56,46.61,126,86,0,-21.74
ISR,Israel,MENA,2023,57.57,97,62.71,59,57.52,45,47.17,132,76.14,58,44.3,134,86,-11,
ISR,Israel,MENA,2024,53.23,101,56.34,60,58.33,39,49.04,127,60.42,94,42.02,137,97,-4,-4.34
ISR,Israel,MENA,2025,510.55,112,51.88,66,56.37,37,48.7,122,60.92,87,37.41,148,101,-11,457.32
ITA,Italy,Europe - Asie centrale,2022,68.16,58,65.89,57,47.52,67,73.93,59,80,49,73.48,68,41,-17,-442.39
ITA,Italy,UE Balkans,2023,72.05,41,64.2,52,55.04,51,80.32,27,73.86,68,86.83,35,58,17,
ITA,Italy,UE Balkans,2024,69.8,46,64.44,46,52.75,53,72.94,47,69.98,60,88.86,44,41,-5,-2.25
ITA,Italy,UE Balkans,2025,68.01,49,58.69,49,50.32,56,74.4,44,67.22,63,89.41,44,46,-3,-1.79
JAM,Jamaica,AmÃ©riques,2022,83.35,12,74.85,32,71.94,14,82.46,24,95,1,92.52,8,7,-5,15.34
JAM,Jamaica,AmÃ©riques,2023,75.89,32,67.75,43,71.37,19,68.49,65,86.59,23,85.24,39,12,-20,
JAM,Jamaica,AmÃ©riques,2024,77.3,24,66.39,43,70.31,17,72.6,49,84.97,13,92.25,20,32,8,1.41
JAM,Jamaica,AmÃ©riques,2025,75.83,26,64.24,38,66.67,19,76.19,38,80.88,24,91.15,31,24,-2,-1.47
JOR,Jordan,Maghreb - Moyen-Orient,2022,48.66,120,40,151,32.65,136,41.23,154,66,99,63.4,99,129,9,-27.17
JOR,Jordan,MENA,2023,42.79,146,47.71,125,34.64,153,37.74,152,32.2,164,61.68,101,120,-26,
JOR,Jordan,MENA,2024,44.3,132,31.7,143,35.68,135,36.06,153,38.69,143,79.37,84,146,14,1.51
JOR,Jordan,MENA,2025,35.25,147,30.9,140,30.95,150,29.89,160,32.65,159,51.85,119,132,-15,-9.05
JPN,Japan,Asie-Pacifique,2022,64.37,71,54.66,96,53.7,46,66.23,88,67.06,96,80.19,45,67,-4,29.12
JPN,Japan,Asie-Pacifique,2023,63.95,68,55.75,83,56.32,47,66.39,73,59.32,105,81.99,60,71,3,
JPN,Japan,Asie-Pacifique,2024,62.12,70,53.07,73,55.83,44,64.35,80,54.38,113,82.95,71,68,-2,-1.83
JPN,Japan,Asie-Pacifique,2025,63.14,66,55.21,59,53.45,45,67.19,69,54.44,112,85.43,68,70,4,1.02
KAZ,Kazakhstan,Europe - Asie centrale,2022,48.28,122,43.52,136,29.8,153,51.93,135,52.3,140,63.85,98,155,33,-14.86
KAZ,Kazakhstan,EEAC,2023,45.87,134,44.06,134,36.03,143,44.34,139,59.37,104,45.54,133,122,-12,
KAZ,Kazakhstan,EEAC,2024,41.11,142,30.33,148,35.42,137,37.91,148,50.85,123,51.02,125,134,-8,-4.76
KAZ,Kazakhstan,EEAC,2025,39.34,141,29.21,144,33.17,136,36.3,152,46.08,131,51.91,118,142,1,-1.77
KEN,Kenya,Afrique,2022,64.59,69,62.42,63,46.33,75,72.28,62,78,55,63.92,96,102,33,25.25
KEN,Kenya,Afrique,2023,51.15,116,49.17,115,40.52,121,66.82,71,56.25,120,42.99,136,69,-47,
KEN,Kenya,Afrique,2024,53.22,102,38.97,122,37.04,127,59.4,96,58.6,101,72.09,96,116,14,2.07
KEN,Kenya,Afrique,2025,49.41,117,35.91,130,31.83,146,59.8,93,53.12,115,66.39,108,102,-15,-3.81
KGZ,Kyrgyzstan,Europe - Asie centrale,2022,64.25,72,59.9,74,48.64,60,68.86,73,69,90,74.83,63,79,7,14.84
KGZ,Kyrgyzstan,EEAC,2023,49.91,122,48.13,123,47.25,86,50.19,127,49.09,138,54.91,113,72,-50,
KGZ,Kyrgyzstan,EEAC,2024,49.11,120,30.19,149,48.73,64,48.4,129,50.66,124,67.59,102,122,2,-0.8
KGZ,Kyrgyzstan,EEAC,2025,37.46,144,26,147,40.1,99,44.05,136,43.37,139,33.75,151,120,-24,-11.65
KHM,Cambodia,Asie-Pacifique,2022,43.48,142,42.42,139,27.96,159,49.65,138,62.4,113,34.96,145,144,2,6.02
KHM,Cambodia,Asie-Pacifique,2023,42.02,147,38.5,156,27.84,171,46.42,135,57.27,115,40.05,144,142,-5,
KHM,Cambodia,Asie-Pacifique,2024,34.28,151,20.21,163,27.55,168,36.32,152,32.54,158,54.8,122,147,-4,-7.74
KHM,Cambodia,Asie-Pacifique,2025,28.18,161,17.42,165,23.79,168,35.47,153,29.3,166,34.92,150,151,-10,-6.1
KOR,South Korea,Asie-Pacifique,2022,72.11,43,71.15,42,55.31,43,72.81,61,79.8,51,81.5,42,42,-1,43.93
KOR,South Korea,Asie-Pacifique,2023,70.83,47,63.51,54,55.81,48,70.03,60,77.53,52,87.26,34,43,-4,
KOR,South Korea,Asie-Pacifique,2024,64.87,62,51.11,77,54.9,46,69.51,59,61.77,89,87.04,55,47,-15,-5.96
KOR,South Korea,Asie-Pacifique,2025,64.06,61,48.77,79,55.11,41,69.23,54,59.12,93,88.05,52,62,1,-0.81
KWT,Kuwait,Maghreb - Moyen-Orient,2022,37.87,158,32.73,170,19.39,175,36.84,159,27,176,73.41,70,105,-53,-26.19
KWT,Kuwait,MENA,2023,38.84,154,41.25,145,24.51,177,30.19,163,20.45,176,77.78,78,158,4,
KWT,Kuwait,MENA,2024,44.66,131,37.42,125,32.13,155,45.96,132,27.85,170,79.96,79,154,23,5.82
KWT,Kuwait,MENA,2025,44.06,128,33.04,135,31.5,148,43.5,139,29.08,167,83.18,76,131,3,-0.6
LAO,Laos,Asie-Pacifique,2022,36.64,161,36.06,159,20.92,172,31.58,167,44,160,50.64,123,172,11,-7.42
LAO,Laos,Asie-Pacifique,2023,36.66,160,36.04,162,33.33,157,25.47,169,38.26,154,50.19,125,161,1,
LAO,Laos,Asie-Pacifique,2024,33.76,153,25,155,40.1,113,31.01,159,30.36,160,42.33,135,160,7,-2.9
LAO,Laos,Asie-Pacifique,2025,33.22,150,25.33,152,33.98,133,25.05,164,42.47,140,39.28,145,153,3,-0.54
LBN,Lebanon,Maghreb - Moyen-Orient,2022,46.58,130,50.91,111,38.27,111,50.22,137,60.5,117,33.02,148,107,-23,13.36
LBN,Lebanon,MENA,2023,50.46,119,51.63,108,35.69,147,48.11,130,58.86,106,58,108,130,11,
LBN,Lebanon,MENA,2024,41.91,140,45.03,102,34.82,141,45.6,133,42.18,141,41.92,138,119,-21,-8.55
LBN,Lebanon,MENA,2025,42.62,132,46.74,86,30.31,154,48.64,123,43.41,138,43.99,132,140,8,0.71
LBR,Liberia,Afrique,2022,62.77,75,55.5,92,32.8,135,74.69,55,82.57,35,68.3,87,98,23,20.15
LBR,Liberia,Afrique,2023,64.34,66,55.5,86,39.61,127,76.98,43,80,43,69.62,94,75,9,
LBR,Liberia,Afrique,2024,65.13,60,54.87,64,45.98,80,73.08,45,71.43,55,80.27,78,66,6,0.79
LBR,Liberia,Afrique,2025,66.61,54,56.43,56,41.48,91,75.08,42,79.61,28,80.46,81,60,6,1.48
LBY,Libya,Maghreb - Moyen-Orient,2022,43.16,143,54.42,97,34.9,130,44.91,144,45,155,36.58,141,165,22,-23.45
LBY,Libya,MENA,2023,40.22,149,49,118,34.31,154,30.19,163,45.23,144,42.36,138,143,-6,
LBY,Libya,MENA,2024,40.59,143,40.5,117,37.27,125,44.23,136,36.77,151,44.16,133,149,6,0.37
LBY,Libya,MENA,2025,40.42,137,38.87,117,37.81,109,43.85,137,41.96,141,39.63,142,143,6,-0.17
LIE,Liechtenstein,Europe - Asie centrale,2022,84.03,10,80.36,20,68.78,19,84.74,15,89.8,14,96.46,1,23,13,43.61
LIE,Liechtenstein,UE Balkans,2023,84.47,11,85.63,16,69.93,23,81.45,24,90.91,7,94.44,6,10,-1,
LIE,Liechtenstein,UE Balkans,2024,81.52,15,85.55,12,62.35,31,84.84,7,78.72,32,96.16,2,11,-4,-2.95
LIE,Liechtenstein,UE Balkans,2025,83.42,12,80.23,18,67.33,18,89.16,5,84.51,10,95.87,3,15,3,1.9
LKA,Sri Lanka,Asie-Pacifique,2022,42.13,146,40.91,144,27.04,163,53.07,132,48.25,150,41.37,134,127,-19,-41.29
LKA,Sri Lanka,Asie-Pacifique,2023,45.85,135,40.94,146,48.53,76,43.4,143,42.05,148,54.32,116,146,11,
LKA,Sri Lanka,Asie-Pacifique,2024,35.21,150,30.43,147,32.16,154,42.19,139,29.61,165,41.68,140,135,-15,-10.64
LKA,Sri Lanka,Asie-Pacifique,2025,39.93,139,36.96,125,32.18,145,46.61,131,38.45,145,45.46,130,150,11,4.72
LSO,Lesotho,Afrique,2022,59.39,88,57.37,85,40.14,102,57.31,119,74,72,68.11,88,88,0,19.46
LSO,Lesotho,Afrique,2023,64.29,67,64.38,51,44.85,104,55.97,112,68.47,76,87.78,30,88,21,
LSO,Lesotho,Afrique,2024,48.92,122,45.51,98,36.67,129,45.38,135,56.9,107,60.16,111,67,-55,-15.37
LSO,Lesotho,Afrique,2025,52.07,107,40.55,109,33.14,137,44.15,135,56.55,103,85.94,64,122,15,3.15
LTU,Lithuania,Europe - Asie centrale,2022,84.14,9,87.01,11,72.16,13,84.46,16,89.71,16,87.37,23,28,19,32.07
LTU,Lithuania,UE Balkans,2023,86.79,7,88,9,77.65,8,84.53,12,89.43,12,94.33,8,9,2,
LTU,Lithuania,UE Balkans,2024,81.73,13,80.84,17,70.72,15,81.41,15,83.6,15,92.1,23,7,-6,-5.06
LTU,Lithuania,UE Balkans,2025,82.27,14,80.76,17,68.84,15,83.23,18,85.39,8,93.12,16,13,-1,0.54
LUX,Luxembourg,Europe - Asie centrale,2022,79.81,21,82.94,15,66.33,27,72.93,60,88.71,19,88.14,20,20,-1,-2.46
LUX,Luxembourg,UE Balkans,2023,81.98,20,87.42,10,71.94,18,76.77,45,82.1,34,91.67,14,21,1,
LUX,Luxembourg,UE Balkans,2024,83.8,11,87.74,9,71.53,13,77.56,34,85.32,10,96.83,1,20,9,1.82
LUX,Luxembourg,UE Balkans,2025,83.04,13,83.34,12,67.99,17,80.87,28,86.36,7,96.62,1,11,-2,-0.76
LVA,Latvia,Europe - Asie centrale,2022,79.17,22,78.96,24,64.58,29,80.89,30,87.36,25,84.06,33,22,0,-3.87
LVA,Latvia,UE Balkans,2023,83.27,16,85.69,15,73.97,14,79.45,32,85.98,25,91.26,18,22,6,
LVA,Latvia,UE Balkans,2024,82.9,12,84.42,15,74.69,9,80.29,19,83.21,17,91.9,26,16,4,-0.37
LVA,Latvia,UE Balkans,2025,81.82,15,83.07,13,70.35,11,81.7,23,81.95,17,92.05,25,12,-3,-1.08
MAR,Morocco / Western Sahara ,Maghreb - Moyen-Orient,2022,45.42,135,51.67,104,28.83,157,55.81,124,56,128,34.82,146,136,1,-36.4
MAR,Morocco / Western Sahara ,MENA,2023,43.69,144,39.92,151,30.62,164,48.97,129,56.87,117,42.07,139,135,-9,
MAR,Morocco / Western Sahara ,MENA,2024,45.97,129,40.31,119,35.68,135,48.92,128,50.3,125,54.63,123,144,15,2.28
MAR,Morocco / Western Sahara ,MENA,2025,48.04,120,44.25,97,36.21,115,51.36,117,52.72,116,55.66,115,129,9,2.07
MDA,Moldova,Europe - Asie centrale,2022,73.47,40,70.15,45,47.83,63,83,21,85.88,28,80.48,44,89,49,25.43
MDA,Moldova,EEAC,2023,77.62,28,79.24,23,57.95,44,83.12,14,85.86,26,81.91,61,40,12,
MDA,Moldova,EEAC,2024,74.86,31,66.51,42,56.48,42,80.13,22,82.67,21,88.49,46,28,-3,-2.76
MDA,Moldova,EEAC,2025,73.36,35,63.7,39,56.9,36,78.18,35,81.1,22,86.9,59,31,-4,-1.5
MDG,Madagascar,Afrique,2022,58.02,98,52.58,101,35.08,126,64.47,93,64.5,105,73.47,69,57,-41,-15.34
MDG,Madagascar,Afrique,2023,56.66,101,49.03,117,36.71,139,60.69,94,58.46,109,78.39,75,98,-3,
MDG,Madagascar,Afrique,2024,54.07,100,41.91,112,34.03,145,56.73,106,60.71,92,76.98,90,101,1,-2.59
MDG,Madagascar,Afrique,2025,50.8,113,37.99,122,30.7,153,55.35,105,52.48,117,77.5,92,100,-13,-3.27
MDV,Maldives,Asie-Pacifique,2022,59.55,87,62.27,66,38.27,111,67.11,85,55,134,75.12,59,72,-15,8.75
MDV,Maldives,Asie-Pacifique,2023,56.93,100,53.75,97,32.84,161,59.91,98,55.68,124,82.48,57,87,-13,
MDV,Maldives,Asie-Pacifique,2024,52.36,106,43.48,109,36.04,133,54.42,111,48.1,131,79.76,80,100,-6,-4.57
MDV,Maldives,Asie-Pacifique,2025,52.46,104,37.73,123,36.03,118,55.52,103,45.51,133,87.53,56,106,2,0.1
MEX,Mexico,AmÃ©riques,2022,47.57,127,58.18,82,43.37,84,65.79,91,59.5,121,11.02,179,143,16,-4.89
MEX,Mexico,AmÃ©riques,2023,47.98,128,55.38,88,47.35,85,66.32,75,47.16,142,23.68,174,127,-1,
MEX,Mexico,AmÃ©riques,2024,49.01,121,49.69,81,42.11,102,67.99,65,57.99,104,27.28,165,128,7,1.03
MEX,Mexico,AmÃ©riques,2025,45.55,124,47.86,84,36.59,113,60.88,91,54.72,110,27.7,163,121,-3,-3.46
MKD,North Macedonia,Europe - Asie centrale,2022,68.44,57,66.16,56,43.71,83,81.29,28,73.17,74,77.85,53,90,33,22.89
MKD,North Macedonia,UE Balkans,2023,74.35,38,72.33,36,54.95,53,84.99,10,78.2,50,81.27,64,57,19,
MKD,North Macedonia,UE Balkans,2024,73.78,36,66.98,38,54.17,49,83.17,13,75.15,42,89.43,39,38,2,-0.57
MKD,North Macedonia,UE Balkans,2025,70.44,42,57.91,50,50.48,54,83.42,16,70.96,56,89.44,43,36,-6,-3.34
MLI,Mali,Afrique,2022,54.48,111,35.15,161,42.6,88,74.34,58,78.5,54,41.81,133,99,-12,-15.96
MLI,Mali,Afrique,2023,52.29,113,52.63,105,38.82,131,55.09,117,55,125,59.88,105,111,-2,
MLI,Mali,Afrique,2024,50.56,114,48.12,89,44.41,89,59.27,97,63.53,81,37.47,149,113,-1,-1.73
MLI,Mali,Afrique,2025,48.23,119,42.91,99,440.79,76,55.33,106,59.06,95,39.75,141,114,-5,-2.33
MLT,Malta,Europe - Asie centrale,2022,61.55,78,46.82,121,41.33,96,67.98,79,74.75,69,76.87,55,81,3,13.32
MLT,Malta,UE Balkans,2023,59.76,84,46.46,128,44.77,105,57.23,108,66.04,79,84.31,45,78,-6,
MLT,Malta,UE Balkans,2024,60.96,73,45.35,99,49.57,61,60.1,95,61.9,88,87.9,53,84,11,1.2
MLT,Malta,UE Balkans,2025,62.96,67,44.29,96,51.25,51,65.06,74,65.02,72,89.18,45,73,6,2
MMR,Myanmar,Asie-Pacifique,2022,25.03,176,40.4,149,29.25,155,20.18,178,30.67,174,46.3,180,140,-36,-37.93
MMR,Myanmar,Asie-Pacifique,2023,28.26,173,35.75,164,40.98,120,20.19,175,24.77,174,19.6,180,176,3,
MMR,Myanmar,Asie-Pacifique,2024,24.41,171,22.17,158,31.67,157,18.75,177,30,164,19.48,177,173,2,-3.85
MMR,Myanmar,Asie-Pacifique,2025,25.32,169,23.99,156,32.38,143,18.55,173,36.04,150,15.64,176,171,2,0.91
MNE,Montenegro,Europe - Asie centrale,2022,66.54,63,62.51,62,47.67,66,77.19,47,71,80,74.33,65,104,41,41.22
MNE,Montenegro,UE Balkans,2023,74.28,39,72.13,37,58.04,42,81.51,23,76.48,54,83.25,50,63,24,
MNE,Montenegro,UE Balkans,2024,73.21,40,68.31,33,56.06,43,78.15,32,73.05,52,90.48,31,39,-1,-1.07
MNE,Montenegro,UE Balkans,2025,72.83,37,63.37,40,53.72,44,80.98,26,75.54,44,90.52,38,40,3,-0.38
MNG,Mongolia,Asie-Pacifique,2022,59.17,90,55.48,93,36.18,121,60.37,110,69.55,86,74.27,66,68,-22,-13.66
MNG,Mongolia,Asie-Pacifique,2023,59.33,88,54.66,94,38.95,129,59.61,99,63.95,87,79.49,71,90,2,
MNG,Mongolia,Asie-Pacifique,2024,51.34,109,40.35,118,32.75,151,56.31,107,61.31,91,65.96,105,88,-21,-7.99
MNG,Mongolia,Asie-Pacifique,2025,52.57,102,41.26,106,36.15,116,59.57,94,64.98,73,60.89,112,109,7,1.23
MOZ,Mozambique,Afrique,2022,49.89,116,46.06,123,40.31,100,61.62,105,47.25,153,54.21,118,108,-8,-2.68
MOZ,Mozambique,Afrique,2023,56.13,102,49.17,115,46.51,91,66.98,70,65.28,83,52.73,119,116,14,
MOZ,Mozambique,Afrique,2024,52.42,105,40.76,116,46.18,78,64.18,81,62.3,87,48.68,129,102,-3,-3.71
MOZ,Mozambique,Afrique,2025,52.63,101,39.65,112,40.97,93,63.73,79,65.09,71,53.69,116,105,4,0.21
MRT,Mauritania,Afrique,2022,58.1,97,55.15,94,35.13,125,64.29,94,64.29,106,71.67,76,94,-3,5.47
MRT,Mauritania,Afrique,2023,59.45,86,54.06,96,47.06,88,57.55,105,60.8,96,77.78,78,97,11,
MRT,Mauritania,Afrique,2024,74.2,33,67.23,35,54.05,50,79.06,26,76.98,36,93.65,10,86,53,14.75
MRT,Mauritania,Afrique,2025,67.52,50,57.75,51,49.19,59,73.77,45,67.79,60,89.08,46,33,-17,-6.68
MUS,Mauritius,Afrique,2022,66.07,64,55.58,91,47.81,64,64.16,97,80.29,48,82.5,38,61,-3,-1.45
MUS,Mauritius,Afrique,2023,65.56,63,52.75,104,49.9,70,61.98,91,81.02,39,82.13,58,64,1,
MUS,Mauritius,Afrique,2024,65.55,57,50.43,79,47.4,74,62.88,83,80.12,28,86.9,56,63,6,-0.01
MUS,Mauritius,Afrique,2025,67.31,51,51.35,70,49.55,58,68.35,62,79.58,29,87.71,54,57,6,1.76
MWI,Malawi,Afrique,2022,61.4,80,55.76,90,38.44,110,78.07,43,67.67,93,67.08,89,62,-18,-5.91
MWI,Malawi,Afrique,2023,60.34,82,52.57,106,47.6,83,66.56,72,60.23,98,74.73,84,80,-2,
MWI,Malawi,Afrique,2024,64.46,63,58.78,53,46.06,79,64.96,75,68.12,66,84.39,64,82,19,4.12
MWI,Malawi,Afrique,2025,59.2,76,47.08,85,40.74,96,62.61,84,66.13,66,79.45,85,63,-13,-5.26
MYS,Malaysia,Asie-Pacifique,2022,51.55,113,46.52,122,42.6,88,40.13,155,56,128,72.48,73,119,6,-7.65
MYS,Malaysia,Asie-Pacifique,2023,62.83,73,55.31,89,52.94,57,44.58,138,75.85,60,85.46,38,113,40,
MYS,Malaysia,Asie-Pacifique,2024,52.07,107,44.35,106,45.63,82,34.04,156,52.62,119,83.72,67,73,-34,-10.76
MYS,Malaysia,Asie-Pacifique,2025,56.09,88,44.66,92,48.67,60,46.26,133,62.72,81,78.16,90,107,19,4.02
NAM,Namibia,Afrique,2022,81.84,18,72.97,37,69.8,17,82.98,22,91.6,8,91.84,12,24,6,25.75
NAM,Namibia,Afrique,2023,80.91,22,75.75,29,70.78,21,79.81,29,87.73,18,90.48,22,18,-4,
NAM,Namibia,Afrique,2024,74.16,34,65.46,45,63.37,29,77.08,35,75,43,89.88,34,22,-12,-6.75
NAM,Namibia,Afrique,2025,75.35,28,66.12,32,59.19,31,84.41,13,75.71,43,91.32,29,34,6,1.19
NER,Niger,Afrique,2022,67.8,59,62.3,65,46.73,73,71.75,64,76.5,61,81.69,40,59,0,-7.55
NER,Niger,Afrique,2023,66.84,61,62.68,60,41.6,118,69.54,62,74.03,67,86.35,36,59,-2,
NER,Niger,Afrique,2024,59.71,80,54.35,68,44.58,87,67.69,68,67.5,68,64.42,107,61,-19,-7.13
NER,Niger,Afrique,2025,57.05,83,49.71,78,43.14,79,63.56,80,63.95,75,64.91,110,80,-3,-2.66
NGA,Nigeria,Afrique,2022,46.79,129,45.15,127,36.39,120,53.8,129,69.83,84,28.75,154,120,-9,-10.26
NGA,Nigeria,Afrique,2023,49.56,123,51.96,107,44.12,110,50.54,126,63.8,88,37.38,147,129,6,
NGA,Nigeria,Afrique,2024,51.03,112,47.26,95,41.9,104,61.65,89,62.96,85,41.4,141,123,11,1.47
NGA,Nigeria,Afrique,2025,46.81,122,42.34,100,42.54,81,52.76,115,63.02,79,33.38,152,112,-10,-4.22
NIC,Nicaragua,AmÃ©riques,2022,37.09,160,37.45,156,38.78,108,31.75,166,49.8,147,27.68,156,121,-39,-9.72
NIC,Nicaragua,AmÃ©riques,2023,37.09,158,35.81,163,45.49,98,28.21,166,44.32,145,31.65,160,160,2,
NIC,Nicaragua,AmÃ©riques,2024,29.2,163,17.23,172,34.03,145,30.34,163,36.64,152,27.77,164,158,-5,-7.89
NIC,Nicaragua,AmÃ©riques,2025,22.83,172,14.76,168,24.84,166,19.88,170,30.08,165,24.6,168,163,-9,-6.37
NLD,Netherlands,Europe - Asie centrale,2022,77.93,28,86.3,12,82.86,4,87.28,7,86.1,27,47.09,125,6,-22,55.1
NLD,Netherlands,UE Balkans,2023,87,6,88.93,7,89.08,2,90.3,3,86.53,24,80.18,67,28,22,
NLD,Netherlands,UE Balkans,2024,87.73,4,88.41,7,84.09,3,87.59,4,87.34,4,91.23,28,6,2,0.73
NLD,Netherlands,UE Balkans,2025,88.64,3,89.95,6,83.85,2,89.69,4,88.05,3,91.64,27,4,1,0.91
NOR,Norway,Europe - Asie centrale,2022,92.65,1,94.89,1,90.38,1,92.23,1,93.71,2,92.03,11,1,0,4.01
NOR,Norway,UE Balkans,2023,95.18,1,96.54,1,92.46,1,94.92,1,95.98,1,95.98,3,1,0,
NOR,Norway,UE Balkans,2024,91.89,1,94.87,1,89.84,1,89.5,2,90.48,1,94.74,7,1,0,-3.29
NOR,Norway,UE Balkans,2025,92.31,1,96.22,1,87.32,1,91.96,1,90.03,2,96.03,2,1,0,0.42
NPL,Nepal,Asie-Pacifique,2022,62.67,76,59.8,75,40.14,102,66.08,89,77.33,59,69.99,83,106,30,-29.64
NPL,Nepal,Asie-Pacifique,2023,57.89,95,58.44,72,44.61,106,66.27,76,61.08,95,59.04,106,76,-19,
NPL,Nepal,Asie-Pacifique,2024,60.52,74,55.46,62,52.92,52,71.41,52,61.43,90,61.41,109,95,21,2.63
NPL,Nepal,Asie-Pacifique,2025,55.2,90,51.86,68,43.11,80,68.63,60,60.88,88,51.52,120,74,-16,-5.32
NZL,New Zealand,Asie-Pacifique,2022,83.54,11,90.15,7,75.26,10,74.78,54,89.75,15,87.76,21,8,-3,28.34
NZL,New Zealand,Asie-Pacifique,2023,84.23,13,89.69,6,77.45,9,78.62,35,84.09,30,91.3,17,11,-2,
NZL,New Zealand,Asie-Pacifique,2024,79.72,19,85.36,13,72.08,12,71.15,54,79.76,29,90.24,32,13,-6,-4.51
NZL,New Zealand,Asie-Pacifique,2025,81.37,16,78.27,20,72.15,10,80.76,29,83.53,14,92.15,23,19,3,1.65
OMN,Oman,Maghreb - Moyen-Orient,2022,35.99,163,32.73,170,23.98,166,18.42,179,45,155,59.82,107,133,-30,-45.38
OMN,Oman,MENA,2023,37.87,155,36.25,161,33.82,156,15.09,179,38.07,155,66.11,97,163,8,
OMN,Oman,MENA,2024,42.52,137,35.88,130,37.74,122,26.78,168,35.7,154,76.51,91,155,18,4.65
OMN,Oman,MENA,2025,42.29,134,33.1,134,40.19,98,266.51,162,31.62,161,79.87,84,137,3,-0.23
PAK,Pakistan,Asie-Pacifique,2022,37.99,157,39.57,152,31.92,143,53.26,131,47.43,152,17.75,168,145,-12,-4.3
PAK,Pakistan,Asie-Pacifique,2023,39.95,150,42.71,139,37.25,136,48.11,130,48.11,140,23.57,176,157,7,
PAK,Pakistan,Asie-Pacifique,2024,33.9,152,29.17,151,33.73,147,42.97,138,37.73,148,25.88,169,150,-2,-6.05
PAK,Pakistan,Asie-Pacifique,2025,29.62,158,25.06,153,26.68,162,37.66,146,33.37,155,25.32,167,152,-6,-4.28
PAN,Panama,AmÃ©riques,2022,62.78,74,54.24,98,47.45,68,64.04,98,74,72,74.15,67,77,3,33.16
PAN,Panama,AmÃ©riques,2023,63.67,69,57.5,77,51.63,62,64.47,80,64.77,86,80,70,74,5,
PAN,Panama,AmÃ©riques,2024,58.55,83,41.18,113,49.83,58,55.13,110,64.68,77,81.94,76,69,-14,-5.12
PAN,Panama,AmÃ©riques,2025,66.75,53,54.14,62,55.07,42,63.15,82,713.64,53,90,41,83,30,8.2
PER,Peru,AmÃ©riques,2022,61.75,77,66.97,52,41.84,92,70.61,66,63,110,66.35,92,91,14,-5
PER,Peru,AmÃ©riques,2023,52.74,110,57.99,75,42.81,115,63.94,84,56.94,116,42,140,77,-33,
PER,Peru,AmÃ©riques,2024,47.76,125,39.44,121,39.29,118,58.1,98,53.23,117,48.73,128,110,-15,-4.98
PER,Peru,AmÃ©riques,2025,42.88,130,31.86,138,35.42,124,53.21,114,44.72,136,49.19,122,125,-5,-4.88
PHL,Philippines,Asie-Pacifique,2022,41.84,147,44.44,134,23.13,169,54.97,126,61.83,115,24.83,159,138,-9,-1.04
PHL,Philippines,Asie-Pacifique,2023,46.21,132,43.96,135,40.2,122,52.2,120,57.39,114,37.3,148,147,15,
PHL,Philippines,Asie-Pacifique,2024,43.36,134,36.14,128,37.11,126,47.48,130,51.64,122,44.44,132,132,-2,-2.85
PHL,Philippines,Asie-Pacifique,2025,49.57,116,39.62,113,39.58,102,52.4,116,54.69,111,61.57,111,134,18,6.21
PNG,Papua New Guinea,Asie-Pacifique,2022,66.66,62,62.42,63,45.24,77,66.08,89,81.33,44,78.23,51,47,-15,17.09
PNG,Papua New Guinea,Asie-Pacifique,2023,67.62,59,59.58,69,51.31,64,66.35,74,71.97,72,88.89,27,62,3,
PNG,Papua New Guinea,Asie-Pacifique,2024,56.02,91,42.17,111,47.08,75,51.54,117,56.43,109,82.86,73,59,-32,-11.6
PNG,Papua New Guinea,Asie-Pacifique,2025,58.35,78,50.27,74,42.32,85,56.76,102,57.01,101,85.39,69,91,13,2.33
POL,Poland,Europe - Asie centrale,2022,65.64,66,50.95,110,57.41,40,68.95,72,82.53,36,68.33,86,64,-2,7.29
POL,Poland,UE Balkans,2023,67.66,57,50.15,112,55.02,52,69.03,64,78.28,49,85.82,37,66,9,
POL,Poland,UE Balkans,2024,69.17,47,51.63,75,59.46,37,70.19,57,77.38,35,87.2,54,57,10,1.51
POL,Poland,UE Balkans,2025,74.79,31,64.68,35,62.89,27,74.55,43,80.82,25,91.03,32,47,16,5.62
PRK,North Korea,Asie-Pacifique,2022,13.92,180,22.42,179,0,180,22.81,176,12,180,12.38,176,179,-1,-60.87
PRK,North Korea,Asie-Pacifique,2023,21.72,180,26.56,177,21.57,178,22.64,172,46,180,33.25,156,180,0,
PRK,North Korea,Asie-Pacifique,2024,20.66,177,18.04,169,20.59,175,26.82,167,17.27,178,20.57,174,180,3,-1.06
PRK,North Korea,Asie-Pacifique,2025,12.64,179,12.18,176,11.05,180,16.67,176,9.46,180,13.86,179,177,-2,-8.02
PRT,Portugal,Europe - Asie centrale,2022,87.07,7,91.86,4,77.41,9,84.21,18,93.14,3,88.73,18,9,2,74.43
PRT,Portugal,UE Balkans,2023,84.6,9,86.32,13,71.02,20,84.38,13,89.77,11,91.48,16,7,-2,
PRT,Portugal,UE Balkans,2024,85.9,7,91.51,3,72.92,10,83.79,10,88.27,3,93.03,15,9,2,1.3
PRT,Portugal,UE Balkans,2025,84.26,8,88.77,8,65.83,20,86.16,9,86.74,6,93.81,13,7,-1,-1.64
PRY,Paraguay,AmÃ©riques,2022,58.36,96,54.24,98,31.12,147,75.44,53,65,104,65.99,93,100,4,-25.9
PRY,Paraguay,AmÃ©riques,2023,55.96,103,57.06,78,42.16,117,70.85,56,61.25,94,48.51,129,96,-7,
PRY,Paraguay,AmÃ©riques,2024,50.48,115,40.9,114,34.95,139,64.42,78,56.88,108,55.27,119,103,-12,-5.48
PRY,Paraguay,AmÃ©riques,2025,56.84,84,43.26,98,40.09,100,66.85,70,55.24,107,78.77,88,115,31,6.36
PSE,Palestine,Maghreb - Moyen-Orient,2022,28.98,170,35.45,160,15.82,178,36.4,161,36.5,167,20.74,162,132,-38,-27.86
PSE,Palestine,MENA,2023,37.86,156,40.47,147,40.2,122,44.34,139,36.36,158,27.95,170,170,14,
PSE,Palestine,MENA,2024,31.92,157,31.04,146,33.51,149,39.1,146,35.52,155,20.44,175,156,-1,-5.94
PSE,Palestine,MENA,2025,27.41,163,24.71,154,30.75,152,32.78,156,33.32,156,15.51,177,157,-6,-4.51
QAT,Qatar,Maghreb - Moyen-Orient,2022,49.03,119,59.7,76,46.94,71,43.86,149,42.5,162,52.17,120,128,9,21.62
QAT,Qatar,MENA,2023,55.28,105,53.13,102,50,69,38.21,151,51.14,133,83.93,47,119,14,
QAT,Qatar,MENA,2024,58.48,84,50.56,78,51.39,55,41.9,140,59.9,95,88.66,45,105,21,3.2
QAT,Qatar,MENA,2025,58.25,79,49.73,77,50.82,52,41.84,144,57.99,97,90.87,34,84,5,-0.23
ROU,Romania,Europe - Asie centrale,2022,68.46,56,66.77,53,46.77,72,76.46,49,81.67,40,70.63,79,48,-8,10.21
ROU,Romania,UE Balkans,2023,69.04,53,59.65,68,49.24,73,71.86,53,81.44,36,83.03,51,56,3,
ROU,Romania,UE Balkans,2024,68.45,49,61.92,48,48.2,69,70.54,55,73.38,49,88.2,51,53,4,-0.59
ROU,Romania,UE Balkans,2025,66.42,55,57.44,53,45.17,72,70.79,50,713.58,54,87.34,57,49,-6,-2.03
RUS,Russia,Europe - Asie centrale,2022,38.82,155,36.36,158,34.84,131,44.61,146,51.29,141,27,157,150,-5,-27.6
RUS,Russia,EEAC,2023,34.77,164,32.43,173,36.17,140,34.51,158,38.94,152,31.82,159,155,-9,
RUS,Russia,EEAC,2024,29.86,162,19.88,166,33.72,148,31.43,157,37.28,149,27,168,164,2,-4.91
RUS,Russia,EEAC,2025,24.57,171,12.05,177,32.96,140,23.41,166,30.83,162,23.57,170,162,-9,-5.29
RWA,Rwanda,Afrique,2022,45.18,136,42.12,140,31.89,144,57.89,117,55.25,133,38.76,137,156,20,20.61
RWA,Rwanda,Afrique,2023,46.58,131,40,149,34.8,151,58.87,101,58.33,110,40.91,143,136,5,
RWA,Rwanda,Afrique,2024,40.54,144,35.65,131,32.08,156,54.42,111,50,126,30.56,160,131,-13,-6.04
RWA,Rwanda,Afrique,2025,35.84,146,25.89,148,27.16,161,47.47,127,47.91,127,30.77,156,144,-2,-4.7
SAU,Saudi Arabia,Maghreb - Moyen-Orient,2022,33.71,166,37.27,157,33.67,132,22.37,177,36.5,167,38.75,138,170,4,-2.13
SAU,Saudi Arabia,MENA,2023,32.43,170,37.19,159,33.33,157,21.7,174,30.11,167,39.8,145,166,-4,
SAU,Saudi Arabia,MENA,2024,27.14,166,21.01,161,40.36,111,20.43,173,30.06,163,23.84,173,170,4,-5.29
SAU,Saudi Arabia,MENA,2025,27.94,162,23.83,158,42.28,86,21.35,167,28.47,168,23.74,169,166,4,0.8
SDN,Sudan,Afrique,2022,40.96,151,47.05,120,29.97,151,41.45,153,51,142,35.35,143,159,8,13.02
SDN,Sudan,Afrique,2023,40.83,148,42.08,143,28.43,169,31.45,160,40.15,149,62.05,99,151,3,
SDN,Sudan,Afrique,2024,35.73,149,32.87,141,32.66,152,37.64,149,46.09,138,29.39,161,148,-1,-5.1
SDN,Sudan,Afrique,2025,30.34,156,29.34,143,30.15,156,33.52,155,40.64,143,18.05,172,149,-7,-5.39
SEN,Senegal,Afrique,2022,63.07,73,59.31,79,42.13,90,66.67,86,72.43,76,74.84,62,49,-24,32.73
SEN,Senegal,Afrique,2023,55.82,104,56.43,79,46.08,93,55.66,115,65.42,82,55.51,111,73,-31,
SEN,Senegal,Afrique,2024,55.44,94,52.9,74,44.21,90,62.5,85,65.87,72,51.71,124,104,10,-0.38
SEN,Senegal,Afrique,2025,59.43,74,53.46,63,42.45,84,58.05,99,67.29,62,75.93,95,94,20,3.99
SGP,Singapore,Asie-Pacifique,2022,44.23,139,39.09,153,29.21,156,34.21,163,49.25,148,69.39,84,160,21,-15.2
SGP,Singapore,Asie-Pacifique,2023,47.88,129,38.75,155,42.4,116,27.36,168,51.99,132,78.89,74,139,10,
SGP,Singapore,Asie-Pacifique,2024,47.19,126,35.29,133,35.94,134,30.58,162,49.4,127,84.76,62,129,3,-0.69
SGP,Singapore,Asie-Pacifique,2025,45.78,123,33.16,133,359.94,120,27.66,161,48.77,125,83.3,75,126,3,-1.41
SLE,Sierra Leone,Afrique,2022,71.03,46,73.71,35,50.38,55,78.4,42,77.5,58,75.14,58,75,29,25.25
SLE,Sierra Leone,Afrique,2023,62.55,74,65.45,49,47.9,81,65.9,77,72.24,71,61.27,102,46,-28,
SLE,Sierra Leone,Afrique,2024,64.27,64,54.55,67,43.56,92,69.23,60,72.62,53,81.39,77,74,10,1.72
SLE,Sierra Leone,Afrique,2025,66.36,56,56.48,55,46.03,70,68.96,56,75.15,45,85.17,71,64,8,2.09
SLV,El Salvador,AmÃ©riques,2022,54.09,112,42.94,137,39.07,107,63.22,101,62.86,111,62.37,100,82,-30,-12.27
SLV,El Salvador,AmÃ©riques,2023,51.36,115,38.13,157,41.47,119,55.85,114,49.32,137,72.03,89,112,-3,
SLV,El Salvador,AmÃ©riques,2024,44.01,133,29.21,150,42.23,101,50.3,122,49.27,128,49.04,127,115,-18,-7.35
SLV,El Salvador,AmÃ©riques,2025,41.19,135,23.95,157,41.11,92,47.2,129,46.26,130,47.4,124,133,-2,-2.82
SOM,Somalia,Afrique,2022,44.01,140,51.03,109,41.22,98,47.72,141,61.8,116,18.27,167,161,21,2.82
SOM,Somalia,Afrique,2023,44.24,141,53.44,98,44.49,108,43.63,142,51.14,133,28.5,169,140,-1,
SOM,Somalia,Afrique,2024,39.4,145,35.99,129,42.01,103,35.58,155,44.84,139,38.56,146,141,-4,-4.84
SOM,Somalia,Afrique,2025,40.49,136,36.53,128,39.15,104,42.4,142,44.83,135,39.53,143,145,9,1.09
SRB,Serbia,Europe - Asie centrale,2022,61.51,79,47.47,118,34.92,129,79.92,34,74.22,71,71.03,78,93,14,21.02
SRB,Serbia,UE Balkans,2023,59.16,91,45.27,133,39.15,128,77.18,41,59.87,103,74.31,85,79,-12,
SRB,Serbia,UE Balkans,2024,54.48,98,33.07,140,36.46,130,70.32,56,53.57,115,78.97,85,91,-7,-4.68
SRB,Serbia,UE Balkans,2025,53.55,96,30.52,141,35.16,125,68.09,63,53.95,113,80.06,82,98,2,-0.93
SSD,South Sudan,Afrique,2022,47.06,128,40.48,148,36.73,118,52.11,134,50.6,143,55.37,114,139,11,-6.49
SSD,South Sudan,Afrique,2023,50.62,118,49.46,114,48.32,78,56.06,110,47.73,141,51.54,123,128,10,
SSD,South Sudan,Afrique,2024,42.57,136,31.34,144,43.75,91,52.04,116,48.21,130,37.52,148,118,-18,-8.05
SSD,South Sudan,Afrique,2025,51.63,109,36.1,129,41.82,89,55.31,107,54.98,108,69.93,104,136,27,9.06
SUR,Suriname,AmÃ©riques,2022,68.95,52,67.88,51,55.1,44,62.28,102,84,34,75.51,57,19,-33,17.32
SUR,Suriname,AmÃ©riques,2023,70.62,48,63.13,55,60.78,34,47.17,132,90.91,7,91.11,19,52,4,
SUR,Suriname,AmÃ©riques,2024,76.11,28,66.67,40,70.66,16,71.79,51,79.56,30,91.87,27,48,20,5.49
SUR,Suriname,AmÃ©riques,2025,74.49,32,62.37,42,69.66,13,73.13,47,76.59,38,90.71,36,28,-4,-1.62
SVK,Slovakia,Europe - Asie centrale,2022,78.37,27,71.44,41,67.98,22,82.02,26,86.38,26,84.01,34,35,8,3.88
SVK,Slovakia,UE Balkans,2023,83.22,17,78.04,25,75.16,11,82.96,17,89.85,10,90.07,24,27,10,
SVK,Slovakia,UE Balkans,2024,76.03,29,65.52,44,64.84,25,80.53,17,80.85,27,88.39,48,17,-12,-7.19
SVK,Slovakia,UE Balkans,2025,71.93,38,55.14,60,59.6,30,78.49,34,78.27,32,88.14,51,29,-9,-4.1
SVN,Slovenia,Europe - Asie centrale,2022,68.54,54,59.32,78,47.7,65,79.11,39,79.94,50,76.61,56,36,-18,-3.39
SVN,Slovenia,UE Balkans,2023,70.59,50,66.25,47,46.41,92,79.64,30,75.95,59,84.72,40,54,4,
SVN,Slovenia,UE Balkans,2024,72.6,42,67.85,34,49.81,59,81.03,16,73.7,47,90.58,29,50,8,2.01
SVN,Slovenia,UE Balkans,2025,74.06,33,71.63,27,52.49,47,82.54,19,73.85,49,89.78,42,42,9,1.46
SWE,Sweden,Europe - Asie centrale,2022,88.84,3,91.96,3,87.66,2,90.27,3,90.18,12,84.14,32,3,0,14.78
SWE,Sweden,UE Balkans,2023,88.15,4,92.58,3,86.08,3,88.74,4,88.64,14,84.72,40,3,-1,
SWE,Sweden,UE Balkans,2024,88.32,3,91.03,4,85.5,2,90.16,1,82.78,20,92.12,22,4,1,0.17
SWE,Sweden,UE Balkans,2025,88.13,4,90.07,5,82.71,3,90.02,2,84.99,9,92.86,18,3,-1,-0.19
SWZ,Eswatini,Afrique,2022,46.42,131,41.31,142,35.03,127,43.86,149,50.5,144,61.4,103,141,10,-41.71
SWZ,Eswatini,Afrique,2023,52.66,111,46.61,126,43.98,111,45.28,137,56.01,122,71.44,91,131,20,
SWZ,Eswatini,Afrique,2024,58.31,85,49.13,84,41.25,106,47.31,131,64.29,78,89.58,38,111,26,5.65
SWZ,Eswatini,Afrique,2025,52.86,98,44.89,91,34.92,129,43.39,140,59.58,91,81.52,79,85,-13,-5.45
SYC,Seychelles,Afrique,2022,83.33,13,80.45,19,69.13,18,85.31,13,90.25,11,91.5,13,52,39,30.47
SYC,Seychelles,Afrique,2023,75.71,34,74.38,32,59.41,38,76.98,43,80.23,41,87.56,32,13,-21,
SYC,Seychelles,Afrique,2024,73.75,37,67.1,37,59.79,35,74.23,43,75,43,92.62,17,34,-3,-1.96
SYC,Seychelles,Afrique,2025,68.56,45,59.01,48,56.11,39,71.01,49,69.82,58,86.84,60,37,-8,-5.19
SYR,Syria,Maghreb - Moyen-Orient,2022,28.94,171,33.51,166,27.62,160,33.58,164,36.57,166,13.39,175,173,2,-39.62
SYR,Syria,MENA,2023,27.22,175,33.65,169,25.49,174,24.34,170,29.55,171,23.07,177,171,-4,
SYR,Syria,MENA,2024,17.41,179,14.35,177,19.69,177,23.75,171,17.72,177,11.55,180,175,-4,-9.81
SYR,Syria,MENA,2025,15.82,177,14,170,14.39,179,16.01,177,19.64,173,15.08,178,179,2,-1.59
TCD,Chad,Afrique,2022,56.18,104,55.88,89,43.27,85,60.35,111,63.2,109,58.21,110,123,19,40.36
TCD,Chad,Afrique,2023,53.73,109,53.3,101,52.94,57,58.63,102,69.16,75,34.62,154,104,-5,
TCD,Chad,Afrique,2024,54.81,96,48.73,86,43.49,93,61.06,91,63.1,84,57.67,114,109,13,1.08
TCD,Chad,Afrique,2025,51.89,108,48.67,80,43.75,78,59.1,96,64.5,74,43.4,138,96,-12,-2.92
TGO,Togo,Afrique,2022,57.17,100,57.52,84,41.73,94,61.93,104,69.5,87,55.15,116,74,-26,5.28
TGO,Togo,Afrique,2023,63.06,70,54.5,95,46.86,89,60.19,96,69.32,74,84.45,44,100,30,
TGO,Togo,Afrique,2024,50.89,113,44.38,105,42.27,100,51.2,119,59.82,96,56.76,116,70,-43,-12.17
TGO,Togo,Afrique,2025,48.03,121,38.18,121,36.01,119,46.85,130,58.25,96,60.87,113,113,-8,-2.86
THA,Thailand,Asie-Pacifique,2022,50.15,115,58.99,81,45.24,77,47.37,142,53.67,137,45.5,127,137,22,2.12
THA,Thailand,Asie-Pacifique,2023,55.24,106,59.53,70,51.47,63,51.42,124,56.25,120,57.54,109,115,9,
THA,Thailand,Asie-Pacifique,2024,58.12,87,54.35,68,48.54,65,50.58,121,54.52,112,82.62,74,106,19,2.88
THA,Thailand,Asie-Pacifique,2025,56.72,85,51.87,67,45.94,71,49.61,119,55.36,106,80.79,80,87,2,-1.4
TJK,Tajikistan,Europe - Asie centrale,2022,40.26,152,33.79,164,29.85,152,48.68,139,46,154,42.96,132,162,10,-16.46
TJK,Tajikistan,EEAC,2023,39.06,153,34.17,167,37.09,137,51.57,123,36.17,160,36.3,149,152,-1,
TJK,Tajikistan,EEAC,2024,33.31,155,27.26,153,31.64,159,38.34,147,30.21,161,39.1,145,153,-2,-5.75
TJK,Tajikistan,EEAC,2025,32.21,153,23.06,160,28.91,159,37.64,147,32.83,158,38.6,146,155,2,-1.1
TKM,Turkmenistan,Europe - Asie centrale,2022,25.01,177,25,178,11.73,179,29.61,169,23,178,35.69,142,178,1,-7.2
TKM,Turkmenistan,EEAC,2023,25.82,176,23.25,180,20.39,179,29.62,165,9.32,179,46.53,132,177,1,
TKM,Turkmenistan,EEAC,2024,22.01,175,13.22,178,17.88,180,30.93,160,15.67,180,32.32,158,176,1,-3.81
TKM,Turkmenistan,EEAC,2025,19.14,174,7.63,180,15.9,176,31.94,159,13,178,27.24,164,175,1,-2.87
TLS,East Timor,Asie-Pacifique,2022,81.89,17,85.45,14,68.71,20,85.96,11,75.67,65,93.65,5,71,54,62.75
TLS,East Timor,Asie-Pacifique,2023,84.49,10,81.88,20,74.51,13,83.02,15,87.12,20,95.93,4,17,7,
TLS,East Timor,Asie-Pacifique,2024,78.92,20,76.09,22,65.36,23,73.08,45,85.71,9,94.35,8,10,-10,-5.57
TLS,East Timor,Asie-Pacifique,2025,71.79,39,61.44,44,50.61,53,78.51,33,75.85,42,92.54,20,20,-19,-7.13
TON,Tonga,Asie-Pacifique,2022,69.74,49,69.7,48,53.06,47,66.67,86,69.5,87,89.8,15,46,-3,-2.05
TON,Tonga,Asie-Pacifique,2023,71.29,44,70.31,42,56.86,46,60.38,95,75,63,93.89,9,49,5,
TON,Tonga,Asie-Pacifique,2024,70.11,45,66.52,41,57.92,40,61.35,90,71.43,55,93.33,11,44,-1,-1.18
TON,Tonga,Asie-Pacifique,2025,68.39,46,59.19,46,53.1,46,62.45,85,74.26,48,92.96,17,45,-1,-1.72
TTO,Trinidad and Tobago,AmÃ©riques,2022,78.68,25,73.94,34,67.86,23,74.56,56,84.5,31,92.52,8,31,6,10.29
TTO,Trinidad and Tobago,AmÃ©riques,2023,76.54,30,71.25,40,60.78,34,64.15,81,92.05,5,94.44,6,25,-5,
TTO,Trinidad and Tobago,AmÃ©riques,2024,76.69,25,66.97,39,66.76,20,71.26,53,86.41,8,92.06,24,30,5,0.15
TTO,Trinidad and Tobago,AmÃ©riques,2025,79.71,19,71.48,28,69.97,12,78.64,32,84.12,11,94.34,9,25,6,3.02
TUN,Tunisia,Maghreb - Moyen-Orient,2022,58.49,94,61.82,67,41.84,92,67.19,84,70.2,82,51.42,121,73,-21,-21.22
TUN,Tunisia,MENA,2023,50.11,121,58.13,74,34.97,150,49.06,128,53.79,127,54.6,114,94,-27,
TUN,Tunisia,MENA,2024,49.97,118,48.04,91,40.94,109,50.19,123,59.76,98,50.92,126,121,3,-0.14
TUN,Tunisia,MENA,2025,43.48,129,38.42,120,32.97,139,47.21,128,54.88,109,43.93,133,118,-11,-6.49
TUR,Turkey,Europe - Asie centrale,2022,41.25,149,38.38,154,27.55,161,52.92,133,55,134,32.37,149,153,4,-2.23
TUR,Turkey,EEAC,2023,33.97,165,36.56,160,29.41,168,41.16,146,30.11,167,32.58,157,149,-16,
TUR,Turkey,EEAC,2024,31.6,158,20.02,165,28.91,165,37.38,150,37.05,150,34.63,155,165,7,-2.37
TUR,Turkey,EEAC,2025,29.4,159,19.69,162,26.09,163,32.42,158,33.44,154,35.37,149,158,-1,-2.2
TWN,Taiwan,Asie-Pacifique,2022,74.08,38,74.78,33,51.88,49,79.01,40,77.69,57,87.02,25,43,5,44.68
TWN,Taiwan,Asie-Pacifique,2023,75.54,35,73.83,35,53.4,55,80.75,25,77.65,51,92.06,13,38,3,
TWN,Taiwan,Asie-Pacifique,2024,76.13,27,74.7,24,56.77,41,80.05,23,76.39,38,92.76,16,35,8,0.59
TWN,Taiwan,Asie-Pacifique,2025,77.04,24,72.91,23,58.16,33,80.29,30,80.51,26,93.32,15,27,3,0.91
TZA,Tanzania,Afrique,2022,48.28,123,43.88,135,32.65,136,45.09,143,59.2,122,60.56,105,124,1,-28.76
TZA,Tanzania,Afrique,2023,44.02,143,42.97,138,33.33,157,31.6,159,53.41,128,58.78,107,123,-20,
TZA,Tanzania,Afrique,2024,54.8,97,47.41,94,41.07,108,50.69,120,63.44,82,71.42,98,143,46,10.78
TZA,Tanzania,Afrique,2025,53.68,95,46.72,87,42.04,87,54.02,113,59.19,92,66.46,107,97,2,-1.12
UGA,Uganda,Afrique,2022,46.35,132,44.7,130,36.99,117,60.96,107,56,128,33.09,147,125,-7,-7.33
UGA,Uganda,Afrique,2023,46.08,133,45.75,129,39.8,126,54.34,118,60,100,30.52,164,132,-1,
UGA,Uganda,Afrique,2024,46,128,33.48,139,39.38,116,50,125,52.14,121,55,120,133,5,-0.08
UGA,Uganda,Afrique,2025,37.61,143,23.7,159,30.9,151,44.85,134,44.86,134,437.21,134,128,-15,-8.39
UKR,Ukraine,Europe - Asie centrale,2022,55.76,106,61.21,70,42.86,86,79.45,36,76.43,62,18.84,165,97,-9,18.15
UKR,Ukraine,EEAC,2023,61.19,79,60.63,65,63.48,30,80.66,26,80.4,40,20.78,179,106,27,
UKR,Ukraine,EEAC,2024,65,61,67.15,36,62.24,32,78.61,28,75.89,39,41.11,142,79,18,3.81
UKR,Ukraine,EEAC,2025,63.93,62,64.43,37,58.77,32,75.85,39,73.77,50,46.82,126,61,-1,-1.07
URY,Uruguay,AmÃ©riques,2022,72.03,44,70.3,44,49.32,58,83.63,20,72.33,78,84.58,30,18,-26,8.1
URY,Uruguay,AmÃ©riques,2023,70.33,52,62.73,58,55.08,50,78.73,34,74.9,65,80.2,66,44,-8,
URY,Uruguay,AmÃ©riques,2024,67.7,51,53.62,71,48.36,67,76.65,36,70.58,58,89.29,40,52,1,-2.63
URY,Uruguay,AmÃ©riques,2025,65.18,59,48.64,81,42.52,82,76.72,37,67.15,65,90.89,33,51,-8,-2.52
USA,United States,AmÃ©riques,2022,72.74,42,72.99,36,59.33,38,77.32,46,81.43,41,72.63,72,44,2,7.56
USA,United States,AmÃ©riques,2023,71.22,45,76.56,28,69.76,24,77.31,40,80,43,52.49,120,42,-3,
USA,United States,AmÃ©riques,2024,66.59,55,69.03,29,61.07,33,74.49,41,72.06,54,56.31,118,45,-10,-4.63
USA,United States,AmÃ©riques,2025,65.49,57,62.38,41,55.65,40,68.81,57,62.56,82,78.03,91,55,-2,-1.1
UZB,Uzbekistan,Europe - Asie centrale,2022,45.74,133,44.75,129,35.71,123,50.88,136,53.33,138,44.03,129,157,24,-19.75
UZB,Uzbekistan,EEAC,2023,45.73,137,45.52,132,38.4,132,52.2,120,43.56,147,48.98,127,133,-4,
UZB,Uzbekistan,EEAC,2024,37.27,148,28.02,152,34.49,143,43.59,137,37.96,145,42.28,136,137,-11,-8.46
UZB,Uzbekistan,EEAC,2025,35.24,148,25.55,150,32.99,138,41.97,143,35.88,151,39.83,140,148,0,-2.03
VEN,Venezuela,AmÃ©riques,2022,37.78,159,33.7,165,31.73,145,44.74,145,47.5,151,31.22,152,148,-11,2.54
VEN,Venezuela,AmÃ©riques,2023,36.99,159,34.89,166,35.74,145,34.82,155,38.53,153,40.96,142,159,0,
VEN,Venezuela,AmÃ©riques,2024,33.06,156,17.68,170,31.63,160,37.33,151,38.74,142,39.91,144,159,3,-3.93
VEN,Venezuela,AmÃ©riques,2025,29.21,160,14.5,169,29.6,157,36.49,151,37.25,147,28.19,162,156,-4,-3.85
VNM,Vietnam,Asie-Pacifique,2022,26.11,174,32.32,173,18.71,176,27.49,172,34.67,170,17.37,170,175,1,-3.1
VNM,Vietnam,Asie-Pacifique,2023,24.58,178,23.75,179,17.16,180,18.4,177,32.95,163,30.66,163,174,-4,
VNM,Vietnam,Asie-Pacifique,2024,22.31,174,13.22,178,20.57,176,28.37,166,23.51,172,25.86,170,178,4,-2.27
VNM,Vietnam,Asie-Pacifique,2025,19.74,173,13.81,171,19.15,173,19.16,171,20.97,172,25.62,166,174,1,-2.57
WSM,Samoa,Asie-Pacifique,2022,71.39,45,61.82,67,56.12,41,64.91,92,85,30,89.12,16,21,-24,51.65
WSM,Samoa,Asie-Pacifique,2023,82.15,19,76.88,27,72.55,16,67.92,67,94.32,2,99.09,1,45,26,
WSM,Samoa,Asie-Pacifique,2024,78.41,22,74.9,23,68.98,19,69.11,62,83.03,18,96.03,3,19,-3,-3.74
WSM,Samoa,Asie-Pacifique,2025,69.28,44,57.39,54,57.47,35,66.44,72,76.36,40,88.75,49,22,-22,-9.13
XCD,OECS,AmÃ©riques,2022,68.49,55,62.91,61,48.37,62,68.25,78,79.8,51,83.13,36,45,-10,-0.79
XKO,Kosovo,Europe - Asie centrale,2022,67,61,64.34,60,45.24,77,80.85,31,74.33,70,70.26,81,78,17,
XKX,Kosovo,UE Balkans,2023,68.38,56,62.95,56,50.28,68,80.26,28,75.49,61,72.95,88,61,5,1.38
XKX,Kosovo,UE Balkans,2024,60.19,75,56.61,59,48.05,71,73.92,44,67.56,67,54.81,121,56,-19,-8.19
XKX,Kosovo,UE Balkans,2025,52.73,99,44.61,93,39.88,101,68.54,61,57.28,100,53.35,117,75,-24,-7.46
YEM,Yemen,Maghreb - Moyen-Orient,2022,29.14,169,33.03,168,27.55,161,38.6,156,35,169,11.54,177,169,0,
YEM,Yemen,MENA,2023,32.78,168,37.5,158,30.39,166,40.57,147,34.09,161,21.37,178,169,1,3.64
YEM,Yemen,MENA,2024,33.67,154,33.91,135,28.33,166,40,144,31.43,159,34.67,154,168,14,0.89
YEM,Yemen,MENA,2025,31.45,154,32.01,137,29.16,158,36.87,148,33.07,157,26.15,165,154,0,-2.22
ZAF,South Africa,Afrique,2022,75.56,35,75.96,29,62.59,33,84.36,17,82.5,37,72.39,74,32,-3,
ZAF,South Africa,Afrique,2023,78.6,25,77.26,26,64.1,29,83.02,15,84.7,28,83.9,48,35,10,3.04
ZAF,South Africa,Afrique,2024,73.73,38,72.57,27,58.78,38,80.29,19,82.06,25,74.95,94,25,-13,-4.87
ZAF,South Africa,Afrique,2025,75.71,27,69.85,29,56.35,38,81.8,21,81.75,19,88.77,48,38,11,1.98
ZMB,Zambia,Afrique,2022,55.4,109,52.35,103,37.76,114,58.33,115,64,107,64.55,94,115,6,
ZMB,Zambia,Afrique,2023,59.41,87,61.77,64,38.89,130,56.76,109,58.14,111,81.46,63,109,22,4.01
ZMB,Zambia,Afrique,2024,55.38,95,43.66,108,35.42,137,57.93,99,55.95,110,83.93,66,87,-8,-4.03
ZMB,Zambia,Afrique,2025,57.33,82,44.94,90,42.5,83,63.88,78,63.64,77,71.69,101,95,13,1.95
ZWE,Zimbabwe,Afrique,2022,44.94,137,40.3,150,32.4,139,54.17,127,54.5,136,43.34,131,130,-7,
ZWE,Zimbabwe,Afrique,2023,48.17,126,42.08,143,37.58,135,57.39,106,60.8,96,42.98,137,137,11,3.23
ZWE,Zimbabwe,Afrique,2024,50.31,116,36.96,126,40.63,110,52.76,114,52.68,118,68.5,101,126,10,2.14
ZWE,Zimbabwe,Afrique,2025,52.1,106,36.71,126,38.46,107,54.2,110,52.35,118,78.8,87,116,10,1.79
